id,Hardness
10407,2.629
10408,3.341
10409,3.448
10410,3.036
10411,3.406
10412,2.706
10413,2.935
10414,3.104
10415,2.505
10416,3.454
10417,2.882
10418,3.227
10419,3.752
10420,2.768
10421,3.714
10422,3.176
10423,3.513
10424,3.492
10425,3.124
10426,3.149
10427,2.135
10428,3.664
10429,3.394
10430,2.658
10431,2.455
10432,3.539
10433,3.669
10434,3.497
10435,3.289
10436,3.158
10437,3.518
10438,3.377
10439,3.658
10440,2.627
10441,2.256
10442,2.721
10443,1.728
10444,2.441
10445,3.32
10446,2.792
10447,3.577
10448,3.904
10449,3.197
10450,3.527
10451,3.648
10452,2.768
10453,3.929
10454,2.96
10455,1.78
10456,2.484
10457,1.651
10458,3.433
10459,4.014
10460,2.306
10461,3.456
10462,3.172
10463,3.487
10464,3.216
10465,1.939
10466,3.841
10467,3.517
10468,1.859
10469,3.236
10470,3.392
10471,3.384
10472,1.753
10473,3.497
10474,2.413
10475,3.136
10476,3.329
10477,3.537
10478,3.214
10479,3.228
10480,4.006
10481,2.494
10482,3.197
10483,3.424
10484,1.754
10485,3.207
10486,2.862
10487,1.909
10488,3.216
10489,3.126
10490,3.184
10491,3.597
10492,3.839
10493,1.857
10494,2.579
10495,2.392
10496,2.739
10497,3.2
10498,3.452
10499,3.395
10500,2.933
10501,1.914
10502,3.965
10503,3.324
10504,3.258
10505,3.348
10506,2.204
10507,3.302
10508,2.32
10509,1.861
10510,2.564
10511,2.538
10512,3.808
10513,3.0
10514,2.343
10515,2.456
10516,2.587
10517,3.939
10518,3.392
10519,3.944
10520,3.264
10521,2.961
10522,3.291
10523,2.605
10524,2.623
10525,3.043
10526,2.167
10527,3.434
10528,3.469
10529,3.272
10530,2.014
10531,3.252
10532,3.602
10533,3.544
10534,3.928
10535,3.681
10536,3.432
10537,3.224
10538,3.739
10539,3.388
10540,1.809
10541,2.194
10542,2.754
10543,3.572
10544,2.817
10545,2.904
10546,3.206
10547,3.706
10548,3.413
10549,2.71
10550,4.378
10551,2.966
10552,3.552
10553,3.827
10554,2.602
10555,3.339
10556,3.425
10557,3.032
10558,3.416
10559,2.577
10560,2.654
10561,3.008
10562,3.633
10563,3.087
10564,2.613
10565,2.981
10566,2.512
10567,2.753
10568,2.569
10569,3.404
10570,3.256
10571,3.502
10572,3.444
10573,2.655
10574,1.997
10575,2.713
10576,2.457
10577,2.468
10578,3.437
10579,3.527
10580,3.0
10581,3.467
10582,2.453
10583,2.205
10584,2.994
10585,1.844
10586,3.783
10587,3.753
10588,2.857
10589,3.425
10590,3.154
10591,3.739
10592,2.605
10593,3.778
10594,3.304
10595,3.382
10596,3.001
10597,3.575
10598,3.503
10599,3.132
10600,1.884
10601,2.954
10602,2.378
10603,3.453
10604,3.522
10605,2.475
10606,1.851
10607,3.184
10608,3.357
10609,3.443
10610,3.329
10611,3.37
10612,3.413
10613,3.441
10614,3.507
10615,3.295
10616,3.634
10617,3.561
10618,1.851
10619,3.656
10620,3.378
10621,2.67
10622,2.463
10623,3.736
10624,3.235
10625,3.184
10626,2.616
10627,3.061
10628,3.693
10629,3.179
10630,1.737
10631,3.311
10632,3.388
10633,1.816
10634,2.924
10635,2.947
10636,3.238
10637,3.062
10638,1.748
10639,3.43
10640,3.399
10641,3.483
10642,2.225
10643,2.478
10644,2.739
10645,3.344
10646,2.499
10647,3.252
10648,3.485
10649,3.299
10650,2.483
10651,3.298
10652,3.85
10653,3.531
10654,2.358
10655,3.277
10656,3.546
10657,3.231
10658,3.563
10659,3.448
10660,2.553
10661,2.764
10662,3.122
10663,3.46
10664,2.241
10665,3.648
10666,3.319
10667,3.522
10668,3.277
10669,2.769
10670,2.943
10671,3.38
10672,1.705
10673,2.865
10674,3.21
10675,3.286
10676,1.665
10677,1.875
10678,2.204
10679,2.353
10680,3.692
10681,3.494
10682,3.351
10683,3.061
10684,1.798
10685,3.123
10686,2.867
10687,3.318
10688,3.325
10689,3.552
10690,3.023
10691,3.745
10692,3.383
10693,3.129
10694,3.285
10695,3.012
10696,3.281
10697,3.366
10698,3.107
10699,1.755
10700,2.825
10701,3.031
10702,3.359
10703,2.91
10704,2.043
10705,3.274
10706,3.526
10707,3.62
10708,3.314
10709,2.098
10710,2.591
10711,2.597
10712,3.5
10713,1.715
10714,1.992
10715,3.33
10716,3.011
10717,3.222
10718,3.074
10719,3.489
10720,3.593
10721,3.666
10722,1.726
10723,1.995
10724,3.302
10725,2.472
10726,1.943
10727,2.5
10728,2.487
10729,3.743
10730,3.444
10731,3.75
10732,2.678
10733,2.0
10734,3.456
10735,3.63
10736,3.203
10737,3.195
10738,3.579
10739,2.266
10740,2.005
10741,3.701
10742,2.333
10743,2.457
10744,3.449
10745,3.671
10746,2.743
10747,2.807
10748,3.468
10749,3.07
10750,2.808
10751,3.644
10752,3.364
10753,3.385
10754,3.872
10755,3.625
10756,2.713
10757,2.764
10758,3.096
10759,2.662
10760,3.329
10761,3.574
10762,3.431
10763,3.049
10764,3.588
10765,2.106
10766,3.268
10767,2.511
10768,3.688
10769,4.082
10770,3.563
10771,1.81
10772,3.357
10773,2.252
10774,3.26
10775,3.674
10776,3.539
10777,2.471
10778,3.376
10779,2.774
10780,3.338
10781,3.351
10782,3.446
10783,2.57
10784,3.424
10785,3.527
10786,2.965
10787,3.332
10788,3.386
10789,3.176
10790,2.183
10791,2.594
10792,3.359
10793,3.382
10794,3.404
10795,3.405
10796,3.153
10797,3.42
10798,3.885
10799,4.298
10800,2.379
10801,3.446
10802,3.404
10803,2.992
10804,3.386
10805,3.611
10806,3.234
10807,3.276
10808,2.78
10809,1.731
10810,2.675
10811,2.352
10812,2.815
10813,3.007
10814,3.391
10815,1.693
10816,3.407
10817,3.435
10818,3.186
10819,2.943
10820,3.444
10821,1.715
10822,1.826
10823,3.491
10824,3.07
10825,3.311
10826,2.42
10827,3.398
10828,1.857
10829,3.438
10830,3.039
10831,3.611
10832,3.194
10833,3.246
10834,3.243
10835,2.66
10836,2.551
10837,3.502
10838,2.598
10839,3.334
10840,3.448
10841,2.921
10842,3.611
10843,2.369
10844,2.095
10845,2.661
10846,3.537
10847,3.249
10848,2.776
10849,3.697
10850,3.68
10851,1.922
10852,3.291
10853,2.97
10854,2.683
10855,3.47
10856,3.204
10857,3.331
10858,3.4
10859,3.117
10860,3.435
10861,3.652
10862,3.697
10863,2.211
10864,3.698
10865,3.102
10866,3.011
10867,2.477
10868,3.236
10869,3.464
10870,3.448
10871,3.425
10872,2.663
10873,2.793
10874,3.247
10875,3.305
10876,3.383
10877,2.762
10878,3.32
10879,3.19
10880,1.938
10881,3.984
10882,2.87
10883,2.649
10884,2.172
10885,3.298
10886,1.885
10887,3.34
10888,2.991
10889,3.014
10890,3.3
10891,2.494
10892,3.064
10893,1.737
10894,3.247
10895,3.323
10896,2.46
10897,3.524
10898,3.238
10899,2.408
10900,2.374
10901,3.456
10902,2.525
10903,2.501
10904,3.355
10905,3.388
10906,2.633
10907,2.637
10908,3.381
10909,2.674
10910,3.519
10911,3.304
10912,3.511
10913,2.599
10914,2.141
10915,3.243
10916,2.454
10917,3.294
10918,3.757
10919,3.311
10920,3.364
10921,3.146
10922,2.318
10923,3.931
10924,2.998
10925,3.241
10926,3.307
10927,3.216
10928,1.895
10929,2.127
10930,3.458
10931,1.866
10932,3.509
10933,3.397
10934,3.453
10935,3.429
10936,2.593
10937,3.482
10938,2.531
10939,3.019
10940,3.232
10941,2.861
10942,3.444
10943,3.304
10944,2.581
10945,3.659
10946,3.508
10947,3.296
10948,3.28
10949,1.79
10950,2.707
10951,3.257
10952,3.547
10953,2.271
10954,3.115
10955,2.307
10956,2.972
10957,3.51
10958,3.428
10959,3.475
10960,2.547
10961,3.127
10962,2.773
10963,2.659
10964,3.257
10965,2.969
10966,2.762
10967,3.568
10968,3.255
10969,2.307
10970,3.408
10971,3.094
10972,3.807
10973,2.997
10974,3.484
10975,1.707
10976,4.09
10977,3.455
10978,3.279
10979,2.83
10980,3.289
10981,2.984
10982,3.477
10983,2.928
10984,3.536
10985,2.037
10986,3.554
10987,3.225
10988,3.375
10989,3.153
10990,2.528
10991,2.922
10992,2.637
10993,2.544
10994,2.866
10995,3.354
10996,3.39
10997,3.767
10998,2.965
10999,3.273
11000,3.221
11001,3.371
11002,1.785
11003,3.168
11004,3.34
11005,2.444
11006,3.399
11007,3.194
11008,3.287
11009,3.237
11010,3.616
11011,3.101
11012,3.521
11013,3.699
11014,3.144
11015,3.076
11016,3.5
11017,3.481
11018,3.061
11019,2.346
11020,3.435
11021,3.158
11022,3.952
11023,4.186
11024,3.252
11025,2.573
11026,2.538
11027,2.097
11028,3.41
11029,1.753
11030,2.236
11031,3.398
11032,2.132
11033,3.567
11034,2.038
11035,3.572
11036,3.388
11037,3.719
11038,3.437
11039,4.0
11040,3.735
11041,3.514
11042,1.695
11043,2.279
11044,2.698
11045,3.461
11046,1.717
11047,3.793
11048,3.232
11049,3.067
11050,2.175
11051,3.286
11052,2.034
11053,3.4
11054,2.948
11055,2.965
11056,3.043
11057,3.456
11058,3.612
11059,2.906
11060,2.291
11061,3.053
11062,3.614
11063,3.346
11064,3.043
11065,3.846
11066,3.109
11067,2.347
11068,3.717
11069,3.456
11070,3.411
11071,3.156
11072,2.12
11073,3.377
11074,3.12
11075,2.916
11076,2.456
11077,3.131
11078,3.396
11079,3.446
11080,1.876
11081,3.503
11082,3.427
11083,3.301
11084,3.511
11085,3.47
11086,2.491
11087,3.217
11088,1.828
11089,2.892
11090,3.481
11091,1.793
11092,2.841
11093,3.772
11094,3.211
11095,3.069
11096,3.418
11097,2.689
11098,3.094
11099,3.298
11100,4.086
11101,3.348
11102,3.191
11103,2.485
11104,3.389
11105,3.581
11106,3.061
11107,2.792
11108,3.47
11109,3.474
11110,3.575
11111,3.269
11112,3.231
11113,3.294
11114,2.175
11115,3.467
11116,3.425
11117,3.199
11118,3.354
11119,3.266
11120,3.309
11121,3.795
11122,3.218
11123,2.433
11124,3.564
11125,3.355
11126,2.349
11127,3.934
11128,3.631
11129,3.242
11130,3.002
11131,2.451
11132,2.256
11133,2.407
11134,3.627
11135,3.578
11136,2.954
11137,3.38
11138,3.42
11139,3.466
11140,3.181
11141,3.514
11142,3.547
11143,3.433
11144,2.01
11145,2.387
11146,4.345
11147,3.58
11148,2.216
11149,3.665
11150,3.343
11151,3.445
11152,3.034
11153,3.204
11154,2.098
11155,3.612
11156,2.731
11157,2.513
11158,2.724
11159,3.202
11160,3.086
11161,3.245
11162,3.446
11163,3.481
11164,3.462
11165,2.171
11166,3.297
11167,3.105
11168,3.68
11169,2.983
11170,2.169
11171,3.46
11172,3.525
11173,2.939
11174,3.622
11175,2.921
11176,3.444
11177,3.55
11178,2.347
11179,2.184
11180,3.394
11181,3.609
11182,3.558
11183,3.048
11184,3.45
11185,3.419
11186,3.111
11187,3.086
11188,3.228
11189,2.34
11190,2.6
11191,2.698
11192,3.007
11193,3.387
11194,2.549
11195,2.741
11196,3.699
11197,3.165
11198,2.566
11199,2.844
11200,3.446
11201,2.878
11202,3.523
11203,1.786
11204,3.266
11205,3.45
11206,2.804
11207,3.033
11208,4.247
11209,3.582
11210,3.422
11211,3.488
11212,2.472
11213,2.445
11214,2.403
11215,3.384
11216,2.628
11217,3.428
11218,3.192
11219,2.324
11220,1.768
11221,3.069
11222,3.362
11223,2.864
11224,2.511
11225,3.474
11226,3.478
11227,3.171
11228,3.088
11229,2.426
11230,3.199
11231,3.618
11232,2.139
11233,2.563
11234,2.4
11235,3.178
11236,3.474
11237,3.368
11238,2.108
11239,3.472
11240,3.454
11241,2.544
11242,2.187
11243,3.426
11244,3.287
11245,2.577
11246,3.439
11247,1.704
11248,3.477
11249,1.859
11250,3.118
11251,2.987
11252,2.991
11253,3.49
11254,3.432
11255,3.557
11256,3.463
11257,3.192
11258,2.193
11259,3.289
11260,2.525
11261,2.931
11262,3.325
11263,2.601
11264,2.865
11265,3.346
11266,3.41
11267,1.889
11268,2.489
11269,3.994
11270,2.875
11271,3.525
11272,2.288
11273,2.277
11274,2.616
11275,3.257
11276,3.758
11277,2.5
11278,2.455
11279,3.442
11280,3.371
11281,3.607
11282,3.129
11283,3.302
11284,2.85
11285,3.105
11286,3.252
11287,3.556
11288,3.426
11289,2.868
11290,3.633
11291,3.117
11292,2.565
11293,3.144
11294,3.302
11295,3.59
11296,3.258
11297,3.267
11298,3.192
11299,2.616
11300,1.719
11301,2.265
11302,3.454
11303,3.091
11304,3.418
11305,3.025
11306,3.246
11307,3.2
11308,3.493
11309,2.519
11310,3.24
11311,2.395
11312,1.751
11313,3.472
11314,3.803
11315,3.323
11316,1.811
11317,3.48
11318,3.298
11319,1.859
11320,3.36
11321,3.323
11322,3.388
11323,2.197
11324,1.703
11325,2.359
11326,3.232
11327,2.207
11328,3.138
11329,1.691
11330,3.415
11331,3.569
11332,3.525
11333,3.249
11334,3.053
11335,3.048
11336,2.093
11337,2.424
11338,2.062
11339,3.2
11340,3.059
11341,3.758
11342,3.597
11343,2.132
11344,3.578
11345,3.491
11346,3.88
11347,3.366
11348,3.973
11349,2.6
11350,3.561
11351,2.326
11352,2.312
11353,1.784
11354,1.843
11355,2.305
11356,3.71
11357,3.041
11358,3.321
11359,3.555
11360,2.806
11361,3.099
11362,2.941
11363,3.139
11364,2.247
11365,3.535
11366,3.344
11367,3.165
11368,2.097
11369,3.459
11370,2.327
11371,2.292
11372,3.065
11373,3.192
11374,4.12
11375,2.648
11376,3.648
11377,3.627
11378,2.62
11379,3.271
11380,3.512
11381,2.624
11382,2.155
11383,3.094
11384,2.768
11385,3.311
11386,3.524
11387,2.757
11388,3.2
11389,3.444
11390,2.606
11391,2.584
11392,3.469
11393,3.605
11394,4.248
11395,3.312
11396,2.605
11397,3.212
11398,3.34
11399,3.35
11400,3.208
11401,3.055
11402,3.422
11403,3.752
11404,3.709
11405,2.569
11406,3.21
11407,3.134
11408,3.887
11409,2.279
11410,3.685
11411,2.276
11412,3.42
11413,2.607
11414,3.269
11415,3.736
11416,3.589
11417,3.583
11418,3.604
11419,2.869
11420,3.228
11421,3.701
11422,2.984
11423,3.297
11424,2.949
11425,2.059
11426,3.569
11427,2.881
11428,1.711
11429,3.325
11430,3.563
11431,2.17
11432,3.452
11433,2.87
11434,2.001
11435,3.177
11436,1.872
11437,3.679
11438,3.23
11439,3.526
11440,3.37
11441,1.775
11442,2.116
11443,1.693
11444,2.787
11445,2.863
11446,2.87
11447,3.437
11448,3.374
11449,4.081
11450,4.028
11451,3.31
11452,3.107
11453,2.766
11454,3.431
11455,3.763
11456,1.723
11457,2.842
11458,3.396
11459,1.768
11460,2.891
11461,2.394
11462,3.411
11463,2.551
11464,3.141
11465,3.184
11466,3.278
11467,3.075
11468,2.74
11469,3.463
11470,2.867
11471,2.424
11472,2.849
11473,3.087
11474,3.6
11475,3.364
11476,2.437
11477,3.362
11478,3.295
11479,2.755
11480,3.65
11481,3.547
11482,3.059
11483,3.877
11484,2.307
11485,1.857
11486,3.314
11487,3.433
11488,3.513
11489,3.396
11490,2.783
11491,3.125
11492,1.843
11493,2.753
11494,3.249
11495,3.422
11496,2.899
11497,3.455
11498,3.33
11499,1.722
11500,3.442
11501,3.247
11502,3.268
11503,3.609
11504,3.392
11505,2.223
11506,3.235
11507,4.12
11508,3.393
11509,3.298
11510,3.508
11511,3.286
11512,1.851
11513,1.794
11514,3.19
11515,3.184
11516,3.317
11517,2.416
11518,3.208
11519,3.514
11520,3.507
11521,1.852
11522,3.664
11523,3.223
11524,3.699
11525,3.556
11526,3.303
11527,3.613
11528,3.573
11529,3.458
11530,2.181
11531,3.236
11532,2.783
11533,3.018
11534,3.405
11535,2.574
11536,3.108
11537,3.189
11538,3.337
11539,3.226
11540,2.701
11541,2.704
11542,2.382
11543,3.348
11544,2.414
11545,3.19
11546,3.17
11547,3.644
11548,3.689
11549,3.263
11550,3.54
11551,1.757
11552,3.45
11553,3.185
11554,3.582
11555,2.961
11556,3.857
11557,3.28
11558,3.519
11559,3.587
11560,3.672
11561,3.465
11562,3.337
11563,3.444
11564,3.076
11565,3.382
11566,3.24
11567,3.417
11568,3.629
11569,3.421
11570,3.556
11571,3.339
11572,2.59
11573,3.077
11574,2.751
11575,2.461
11576,3.038
11577,3.318
11578,3.15
11579,3.425
11580,3.943
11581,2.192
11582,3.223
11583,3.048
11584,3.65
11585,2.277
11586,3.948
11587,2.561
11588,2.694
11589,3.398
11590,3.424
11591,3.512
11592,3.042
11593,3.427
11594,3.45
11595,3.272
11596,3.269
11597,4.019
11598,3.436
11599,2.085
11600,2.47
11601,2.667
11602,2.338
11603,2.418
11604,2.646
11605,3.338
11606,3.569
11607,3.383
11608,3.417
11609,1.881
11610,3.353
11611,2.93
11612,3.207
11613,3.499
11614,3.229
11615,3.571
11616,2.481
11617,3.57
11618,2.491
11619,3.307
11620,3.581
11621,3.35
11622,3.895
11623,3.473
11624,3.575
11625,2.549
11626,3.464
11627,2.13
11628,2.646
11629,3.454
11630,2.58
11631,2.41
11632,1.74
11633,3.494
11634,3.516
11635,3.229
11636,3.39
11637,3.396
11638,3.129
11639,2.992
11640,2.685
11641,2.825
11642,3.307
11643,2.775
11644,2.97
11645,2.999
11646,3.602
11647,3.122
11648,3.202
11649,3.101
11650,4.006
11651,2.638
11652,3.686
11653,3.344
11654,2.362
11655,2.445
11656,2.127
11657,3.496
11658,3.686
11659,3.198
11660,3.391
11661,3.134
11662,3.146
11663,3.466
11664,1.716
11665,2.412
11666,3.371
11667,2.821
11668,2.777
11669,2.436
11670,3.304
11671,3.443
11672,2.623
11673,3.706
11674,3.109
11675,3.369
11676,2.845
11677,3.335
11678,3.51
11679,2.171
11680,3.405
11681,3.295
11682,2.051
11683,2.946
11684,2.18
11685,1.837
11686,3.119
11687,3.569
11688,3.252
11689,1.936
11690,3.19
11691,1.735
11692,1.959
11693,1.781
11694,3.568
11695,3.093
11696,3.43
11697,2.383
11698,2.491
11699,1.701
11700,3.593
11701,3.312
11702,3.193
11703,3.076
11704,2.697
11705,2.981
11706,3.461
11707,3.421
11708,3.25
11709,1.931
11710,3.498
11711,2.583
11712,3.16
11713,1.791
11714,3.243
11715,3.427
11716,2.847
11717,3.394
11718,2.386
11719,2.618
11720,3.751
11721,4.014
11722,3.56
11723,4.092
11724,3.57
11725,2.738
11726,2.543
11727,3.509
11728,3.564
11729,3.293
11730,2.71
11731,2.88
11732,2.913
11733,3.633
11734,2.715
11735,3.201
11736,2.104
11737,3.759
11738,2.635
11739,4.351
11740,2.46
11741,3.637
11742,2.992
11743,3.604
11744,1.807
11745,2.795
11746,3.219
11747,2.944
11748,3.398
11749,2.857
11750,1.885
11751,3.141
11752,2.882
11753,3.456
11754,4.004
11755,2.629
11756,2.545
11757,3.389
11758,3.493
11759,3.926
11760,3.04
11761,3.942
11762,3.243
11763,3.473
11764,3.715
11765,3.72
11766,2.52
11767,3.024
11768,2.533
11769,3.278
11770,3.304
11771,3.654
11772,3.24
11773,3.228
11774,2.245
11775,3.649
11776,2.525
11777,3.106
11778,2.055
11779,3.079
11780,3.175
11781,2.886
11782,3.623
11783,3.359
11784,3.365
11785,3.252
11786,3.096
11787,3.019
11788,2.277
11789,2.57
11790,3.703
11791,3.405
11792,1.899
11793,1.79
11794,3.0
11795,3.331
11796,3.591
11797,3.465
11798,3.721
11799,3.511
11800,3.323
11801,3.449
11802,3.154
11803,2.452
11804,3.45
11805,3.38
11806,2.624
11807,2.527
11808,3.566
11809,3.419
11810,3.022
11811,2.545
11812,3.257
11813,3.06
11814,2.568
11815,2.919
11816,2.768
11817,3.188
11818,3.121
11819,3.945
11820,3.293
11821,3.336
11822,3.502
11823,3.254
11824,3.525
11825,2.936
11826,3.82
11827,1.726
11828,3.211
11829,2.788
11830,2.155
11831,3.384
11832,2.133
11833,3.133
11834,3.495
11835,2.172
11836,3.521
11837,3.427
11838,3.138
11839,2.571
11840,4.02
11841,2.104
11842,3.0
11843,2.996
11844,3.35
11845,3.251
11846,3.725
11847,2.208
11848,3.185
11849,3.137
11850,3.307
11851,3.563
11852,3.099
11853,3.243
11854,3.619
11855,3.607
11856,2.744
11857,1.874
11858,3.363
11859,2.639
11860,3.53
11861,3.525
11862,3.632
11863,2.634
11864,1.756
11865,3.383
11866,2.729
11867,3.2
11868,3.596
11869,2.353
11870,3.71
11871,3.064
11872,3.361
11873,3.642
11874,3.112
11875,3.356
11876,2.467
11877,3.295
11878,2.671
11879,3.38
11880,2.703
11881,3.363
11882,3.404
11883,3.468
11884,2.146
11885,1.867
11886,3.72
11887,2.056
11888,1.754
11889,3.531
11890,3.855
11891,3.54
11892,1.754
11893,3.18
11894,3.319
11895,3.409
11896,3.621
11897,3.539
11898,3.471
11899,1.676
11900,3.099
11901,3.406
11902,1.789
11903,3.29
11904,2.159
11905,3.547
11906,3.757
11907,3.64
11908,4.21
11909,3.38
11910,3.317
11911,2.638
11912,2.95
11913,1.859
11914,2.525
11915,3.628
11916,3.619
11917,3.426
11918,3.894
11919,2.497
11920,1.948
11921,3.253
11922,2.237
11923,1.982
11924,2.907
11925,2.658
11926,3.458
11927,1.66
11928,3.404
11929,1.715
11930,3.615
11931,3.071
11932,2.967
11933,3.26
11934,3.258
11935,2.367
11936,2.795
11937,1.865
11938,3.069
11939,3.961
11940,3.169
11941,3.472
11942,2.813
11943,2.901
11944,2.58
11945,3.305
11946,3.05
11947,3.348
11948,3.035
11949,2.594
11950,2.586
11951,2.991
11952,3.254
11953,3.352
11954,3.363
11955,2.482
11956,3.361
11957,3.249
11958,4.103
11959,2.177
11960,3.343
11961,2.595
11962,3.054
11963,2.78
11964,2.323
11965,1.967
11966,3.021
11967,3.237
11968,3.63
11969,2.525
11970,3.719
11971,3.407
11972,3.581
11973,3.407
11974,3.002
11975,3.487
11976,3.233
11977,3.155
11978,2.719
11979,1.74
11980,3.25
11981,3.636
11982,3.215
11983,3.368
11984,3.177
11985,3.628
11986,3.173
11987,3.538
11988,3.448
11989,3.055
11990,2.394
11991,1.849
11992,3.87
11993,3.485
11994,2.679
11995,2.202
11996,3.601
11997,2.656
11998,3.251
11999,3.32
12000,3.148
12001,2.6
12002,1.936
12003,3.736
12004,2.679
12005,3.334
12006,3.319
12007,3.167
12008,3.097
12009,1.742
12010,2.891
12011,3.621
12012,1.69
12013,2.921
12014,3.015
12015,3.23
12016,3.646
12017,1.919
12018,3.711
12019,3.239
12020,3.437
12021,3.362
12022,1.749
12023,3.857
12024,2.655
12025,3.195
12026,3.021
12027,3.1
12028,3.429
12029,3.461
12030,4.019
12031,3.294
12032,1.743
12033,2.541
12034,3.397
12035,3.708
12036,3.443
12037,3.226
12038,2.67
12039,3.14
12040,3.479
12041,3.384
12042,2.515
12043,3.059
12044,3.47
12045,1.768
12046,3.714
12047,2.403
12048,3.421
12049,3.129
12050,2.418
12051,3.442
12052,2.834
12053,3.409
12054,3.094
12055,3.437
12056,3.483
12057,2.87
12058,3.428
12059,3.376
12060,2.684
12061,3.026
12062,3.386
12063,3.208
12064,2.144
12065,2.258
12066,1.922
12067,3.931
12068,3.28
12069,3.274
12070,3.373
12071,2.222
12072,3.288
12073,3.342
12074,3.459
12075,3.423
12076,3.439
12077,3.309
12078,3.406
12079,3.381
12080,3.087
12081,3.356
12082,2.801
12083,2.445
12084,3.579
12085,2.966
12086,3.065
12087,2.105
12088,2.127
12089,1.841
12090,3.44
12091,2.161
12092,3.549
12093,2.448
12094,1.585
12095,2.396
12096,2.82
12097,2.509
12098,2.461
12099,2.586
12100,3.211
12101,3.286
12102,3.637
12103,1.749
12104,3.006
12105,3.058
12106,2.757
12107,3.442
12108,2.687
12109,2.482
12110,2.068
12111,2.912
12112,1.723
12113,3.5
12114,1.801
12115,2.876
12116,3.051
12117,1.753
12118,3.393
12119,3.382
12120,3.322
12121,3.623
12122,3.396
12123,1.638
12124,2.703
12125,3.899
12126,3.403
12127,3.23
12128,3.59
12129,3.703
12130,3.192
12131,2.194
12132,3.519
12133,3.357
12134,2.652
12135,3.335
12136,3.395
12137,3.47
12138,3.005
12139,2.505
12140,3.225
12141,3.056
12142,2.673
12143,2.413
12144,3.48
12145,3.206
12146,1.763
12147,3.264
12148,1.711
12149,3.542
12150,2.542
12151,2.59
12152,3.334
12153,3.323
12154,2.162
12155,2.763
12156,3.653
12157,3.182
12158,2.575
12159,3.584
12160,2.973
12161,2.795
12162,3.076
12163,2.148
12164,3.358
12165,2.843
12166,3.593
12167,3.116
12168,2.992
12169,2.806
12170,2.372
12171,3.888
12172,2.998
12173,3.748
12174,3.307
12175,3.503
12176,2.747
12177,2.872
12178,3.225
12179,2.966
12180,3.434
12181,3.059
12182,3.423
12183,3.068
12184,2.052
12185,3.137
12186,2.023
12187,2.708
12188,3.438
12189,2.762
12190,2.173
12191,3.521
12192,1.816
12193,3.379
12194,3.498
12195,2.813
12196,3.588
12197,2.504
12198,3.137
12199,3.064
12200,2.388
12201,3.317
12202,3.34
12203,3.484
12204,2.652
12205,3.476
12206,3.455
12207,1.727
12208,3.373
12209,2.612
12210,2.286
12211,3.193
12212,3.381
12213,3.027
12214,2.982
12215,1.98
12216,3.565
12217,2.74
12218,3.263
12219,3.998
12220,2.667
12221,3.216
12222,2.284
12223,1.938
12224,3.193
12225,3.57
12226,3.35
12227,3.417
12228,3.473
12229,3.436
12230,3.348
12231,2.908
12232,3.293
12233,2.33
12234,3.14
12235,2.731
12236,3.691
12237,1.8
12238,3.007
12239,2.685
12240,2.003
12241,3.212
12242,2.745
12243,3.191
12244,3.028
12245,2.867
12246,3.213
12247,3.374
12248,4.92
12249,3.204
12250,2.512
12251,3.077
12252,2.512
12253,1.684
12254,2.698
12255,3.642
12256,3.227
12257,3.36
12258,1.776
12259,1.745
12260,3.049
12261,2.953
12262,3.312
12263,3.524
12264,1.919
12265,3.267
12266,3.24
12267,2.798
12268,3.11
12269,2.406
12270,3.059
12271,3.795
12272,3.338
12273,3.474
12274,3.357
12275,1.793
12276,2.67
12277,3.808
12278,3.259
12279,3.45
12280,3.583
12281,1.954
12282,3.006
12283,2.758
12284,2.92
12285,3.877
12286,3.472
12287,3.186
12288,3.677
12289,3.137
12290,3.418
12291,2.097
12292,2.166
12293,2.938
12294,2.495
12295,3.366
12296,3.419
12297,3.229
12298,2.3
12299,1.949
12300,2.272
12301,2.462
12302,3.456
12303,3.16
12304,1.779
12305,2.019
12306,2.278
12307,3.308
12308,3.506
12309,3.349
12310,3.851
12311,2.644
12312,3.524
12313,3.028
12314,3.374
12315,3.116
12316,2.552
12317,3.437
12318,2.482
12319,3.411
12320,3.286
12321,3.475
12322,3.307
12323,2.08
12324,2.676
12325,2.232
12326,3.645
12327,3.367
12328,1.753
12329,3.605
12330,3.55
12331,3.064
12332,3.436
12333,1.941
12334,3.346
12335,2.743
12336,3.45
12337,2.503
12338,3.062
12339,3.546
12340,2.562
12341,3.467
12342,3.532
12343,3.499
12344,3.207
12345,3.22
12346,2.673
12347,2.859
12348,3.689
12349,3.463
12350,3.317
12351,3.421
12352,3.477
12353,3.485
12354,3.433
12355,2.649
12356,3.037
12357,2.444
12358,3.538
12359,2.838
12360,2.257
12361,3.011
12362,3.492
12363,3.361
12364,1.718
12365,3.934
12366,3.635
12367,3.652
12368,3.762
12369,2.541
12370,3.433
12371,2.669
12372,2.905
12373,3.378
12374,2.581
12375,3.583
12376,2.622
12377,2.233
12378,3.602
12379,2.912
12380,3.469
12381,3.296
12382,3.308
12383,2.355
12384,3.611
12385,4.011
12386,3.791
12387,3.395
12388,2.29
12389,3.27
12390,3.366
12391,3.607
12392,3.98
12393,3.155
12394,3.032
12395,3.04
12396,3.517
12397,3.137
12398,3.303
12399,3.697
12400,2.863
12401,2.744
12402,2.973
12403,3.258
12404,3.221
12405,3.221
12406,2.4
12407,3.103
12408,3.163
12409,3.624
12410,2.827
12411,3.913
12412,2.492
12413,2.586
12414,3.382
12415,3.292
12416,3.011
12417,3.264
12418,3.428
12419,3.594
12420,3.398
12421,2.707
12422,2.797
12423,3.769
12424,3.479
12425,2.785
12426,3.351
12427,3.411
12428,2.958
12429,3.438
12430,2.476
12431,3.359
12432,3.564
12433,2.855
12434,3.291
12435,2.683
12436,2.174
12437,3.482
12438,2.874
12439,3.191
12440,3.289
12441,2.414
12442,3.255
12443,3.607
12444,2.709
12445,2.958
12446,2.768
12447,2.09
12448,2.006
12449,3.417
12450,3.483
12451,2.482
12452,3.459
12453,3.468
12454,1.781
12455,3.383
12456,3.435
12457,2.386
12458,4.17
12459,2.662
12460,1.725
12461,3.237
12462,3.1
12463,2.969
12464,3.396
12465,2.36
12466,2.094
12467,3.148
12468,3.233
12469,2.931
12470,3.418
12471,2.299
12472,2.223
12473,1.763
12474,2.59
12475,2.218
12476,2.169
12477,2.755
12478,1.933
12479,3.48
12480,2.68
12481,3.327
12482,3.583
12483,2.716
12484,1.723
12485,3.73
12486,2.472
12487,3.538
12488,1.97
12489,3.762
12490,3.276
12491,3.163
12492,3.204
12493,3.346
12494,2.866
12495,2.588
12496,3.408
12497,2.638
12498,2.459
12499,1.785
12500,2.511
12501,2.081
12502,2.932
12503,2.064
12504,2.982
12505,2.861
12506,3.278
12507,3.154
12508,2.683
12509,2.241
12510,3.681
12511,3.661
12512,2.08
12513,3.07
12514,3.219
12515,2.831
12516,3.261
12517,3.605
12518,2.541
12519,3.505
12520,3.764
12521,3.456
12522,3.26
12523,2.874
12524,3.603
12525,1.966
12526,3.184
12527,2.309
12528,3.585
12529,2.207
12530,2.488
12531,2.695
12532,3.344
12533,3.015
12534,3.595
12535,2.399
12536,3.463
12537,2.691
12538,2.625
12539,3.329
12540,2.001
12541,2.736
12542,3.562
12543,3.182
12544,3.967
12545,3.006
12546,3.252
12547,1.914
12548,3.583
12549,2.592
12550,2.029
12551,3.129
12552,3.653
12553,3.489
12554,3.493
12555,3.31
12556,2.785
12557,1.749
12558,3.433
12559,3.455
12560,3.484
12561,3.708
12562,2.021
12563,3.301
12564,2.765
12565,1.893
12566,3.248
12567,2.398
12568,1.679
12569,1.705
12570,3.062
12571,2.877
12572,3.37
12573,2.553
12574,3.249
12575,3.071
12576,2.494
12577,3.523
12578,3.094
12579,3.533
12580,2.984
12581,3.71
12582,2.393
12583,3.312
12584,2.363
12585,3.42
12586,2.779
12587,3.126
12588,2.173
12589,3.414
12590,3.588
12591,3.396
12592,3.221
12593,3.233
12594,2.456
12595,3.7
12596,3.818
12597,3.197
12598,3.592
12599,3.531
12600,3.788
12601,3.533
12602,3.701
12603,2.487
12604,3.112
12605,3.683
12606,3.595
12607,1.995
12608,2.653
12609,3.297
12610,3.446
12611,1.802
12612,3.01
12613,3.255
12614,2.953
12615,3.469
12616,2.473
12617,2.203
12618,3.511
12619,3.318
12620,2.236
12621,2.577
12622,2.611
12623,3.476
12624,3.491
12625,3.035
12626,2.717
12627,3.124
12628,2.236
12629,1.755
12630,2.283
12631,2.718
12632,3.505
12633,3.735
12634,2.475
12635,3.748
12636,2.315
12637,3.587
12638,1.748
12639,3.448
12640,3.063
12641,3.502
12642,3.653
12643,3.633
12644,3.185
12645,2.893
12646,3.191
12647,3.246
12648,3.565
12649,3.431
12650,2.943
12651,3.408
12652,2.598
12653,3.577
12654,3.191
12655,3.274
12656,3.187
12657,3.285
12658,3.0
12659,2.825
12660,3.457
12661,2.676
12662,2.283
12663,3.095
12664,3.377
12665,3.099
12666,3.818
12667,1.693
12668,3.366
12669,2.828
12670,2.508
12671,2.349
12672,3.628
12673,3.258
12674,2.817
12675,3.43
12676,1.944
12677,3.14
12678,1.9
12679,1.86
12680,3.141
12681,2.661
12682,1.774
12683,3.176
12684,3.065
12685,3.447
12686,3.468
12687,2.825
12688,1.797
12689,2.366
12690,2.863
12691,3.673
12692,4.075
12693,2.63
12694,3.125
12695,2.748
12696,3.619
12697,4.061
12698,2.741
12699,2.514
12700,3.676
12701,3.418
12702,2.709
12703,3.237
12704,3.5
12705,2.663
12706,2.921
12707,3.261
12708,3.922
12709,3.364
12710,3.876
12711,2.634
12712,3.72
12713,3.425
12714,3.401
12715,2.956
12716,3.244
12717,2.595
12718,1.712
12719,2.369
12720,3.524
12721,2.773
12722,3.442
12723,2.946
12724,3.212
12725,1.868
12726,3.443
12727,1.727
12728,3.223
12729,1.841
12730,3.318
12731,3.047
12732,2.968
12733,3.566
12734,3.4
12735,3.674
12736,1.894
12737,3.193
12738,2.536
12739,2.954
12740,3.331
12741,3.644
12742,1.727
12743,2.663
12744,3.07
12745,3.506
12746,1.762
12747,3.317
12748,3.5
12749,2.303
12750,3.074
12751,3.012
12752,3.589
12753,3.497
12754,1.812
12755,3.715
12756,3.18
12757,2.339
12758,3.336
12759,3.275
12760,3.79
12761,3.441
12762,1.862
12763,2.341
12764,3.383
12765,1.761
12766,2.53
12767,2.361
12768,3.179
12769,3.301
12770,3.389
12771,3.254
12772,3.384
12773,2.732
12774,3.32
12775,3.343
12776,3.077
12777,3.529
12778,3.248
12779,3.439
12780,3.063
12781,1.721
12782,2.779
12783,2.245
12784,3.376
12785,3.323
12786,2.527
12787,3.294
12788,4.294
12789,3.82
12790,3.235
12791,2.135
12792,2.363
12793,2.498
12794,3.17
12795,3.533
12796,2.072
12797,3.581
12798,2.643
12799,3.439
12800,2.282
12801,3.645
12802,2.022
12803,1.713
12804,3.423
12805,3.229
12806,2.678
12807,3.449
12808,2.418
12809,2.74
12810,2.161
12811,3.485
12812,2.721
12813,3.241
12814,3.06
12815,1.822
12816,3.364
12817,3.66
12818,3.016
12819,3.522
12820,3.069
12821,3.324
12822,2.512
12823,3.243
12824,3.597
12825,3.579
12826,3.978
12827,3.515
12828,3.344
12829,3.171
12830,1.785
12831,3.422
12832,3.645
12833,2.428
12834,2.931
12835,2.992
12836,1.829
12837,2.869
12838,3.235
12839,3.378
12840,3.46
12841,3.514
12842,3.457
12843,2.098
12844,3.323
12845,2.048
12846,2.534
12847,3.147
12848,3.377
12849,3.534
12850,3.146
12851,3.305
12852,2.882
12853,2.985
12854,2.734
12855,3.009
12856,2.922
12857,3.07
12858,3.187
12859,2.428
12860,3.357
12861,2.605
12862,2.04
12863,2.916
12864,3.052
12865,1.847
12866,1.722
12867,2.654
12868,1.609
12869,3.48
12870,2.531
12871,3.528
12872,2.095
12873,1.721
12874,3.113
12875,2.998
12876,3.237
12877,2.134
12878,3.414
12879,3.07
12880,1.871
12881,3.501
12882,3.054
12883,3.067
12884,3.07
12885,3.671
12886,3.425
12887,3.332
12888,3.279
12889,2.724
12890,3.636
12891,3.506
12892,3.037
12893,3.136
12894,3.293
12895,2.919
12896,3.895
12897,2.554
12898,2.172
12899,3.37
12900,3.378
12901,3.647
12902,2.447
12903,2.462
12904,3.425
12905,2.419
12906,1.684
12907,3.676
12908,2.153
12909,3.336
12910,3.385
12911,4.091
12912,2.502
12913,3.36
12914,3.524
12915,3.832
12916,3.301
12917,2.571
12918,2.545
12919,3.282
12920,2.696
12921,2.641
12922,3.147
12923,3.194
12924,3.495
12925,1.696
12926,2.554
12927,3.019
12928,3.743
12929,2.85
12930,3.583
12931,3.038
12932,3.356
12933,2.372
12934,4.4
12935,2.481
12936,3.383
12937,1.669
12938,3.603
12939,3.457
12940,3.221
12941,2.504
12942,2.136
12943,1.972
12944,3.31
12945,2.004
12946,3.168
12947,2.224
12948,2.688
12949,3.187
12950,3.281
12951,3.512
12952,2.96
12953,2.593
12954,3.88
12955,3.535
12956,2.282
12957,2.55
12958,2.301
12959,2.554
12960,2.139
12961,1.795
12962,3.41
12963,3.366
12964,1.937
12965,3.258
12966,3.538
12967,3.31
12968,3.334
12969,1.842
12970,2.691
12971,2.526
12972,2.382
12973,3.029
12974,2.226
12975,3.641
12976,4.094
12977,3.031
12978,2.405
12979,2.282
12980,3.36
12981,3.248
12982,3.53
12983,3.641
12984,2.868
12985,3.452
12986,3.37
12987,2.507
12988,3.429
12989,3.265
12990,2.508
12991,3.385
12992,2.132
12993,3.519
12994,2.462
12995,3.217
12996,2.577
12997,3.073
12998,3.187
12999,3.007
13000,2.787
13001,1.849
13002,1.96
13003,3.594
13004,3.565
13005,2.635
13006,2.838
13007,3.454
13008,2.454
13009,2.241
13010,3.384
13011,2.43
13012,2.365
13013,3.298
13014,2.01
13015,3.689
13016,3.478
13017,2.837
13018,3.594
13019,3.344
13020,3.346
13021,3.195
13022,3.603
13023,3.839
13024,3.91
13025,3.191
13026,2.299
13027,2.832
13028,3.349
13029,3.359
13030,3.51
13031,2.501
13032,2.79
13033,3.545
13034,1.646
13035,3.418
13036,3.299
13037,2.55
13038,3.29
13039,1.856
13040,2.397
13041,3.161
13042,3.082
13043,3.107
13044,3.9
13045,3.581
13046,3.534
13047,2.105
13048,3.23
13049,2.538
13050,3.677
13051,3.534
13052,3.469
13053,3.953
13054,3.313
13055,1.929
13056,3.03
13057,2.423
13058,2.259
13059,2.746
13060,3.387
13061,3.486
13062,3.186
13063,2.718
13064,3.621
13065,3.256
13066,2.449
13067,3.561
13068,3.608
13069,2.451
13070,3.553
13071,3.317
13072,1.696
13073,3.501
13074,3.247
13075,3.008
13076,3.775
13077,3.044
13078,3.417
13079,3.293
13080,2.062
13081,3.458
13082,3.07
13083,2.996
13084,3.411
13085,3.496
13086,3.348
13087,2.469
13088,3.169
13089,3.7
13090,3.493
13091,2.888
13092,3.257
13093,3.713
13094,3.454
13095,3.501
13096,3.373
13097,3.409
13098,3.702
13099,3.407
13100,3.867
13101,3.817
13102,3.361
13103,3.438
13104,3.948
13105,3.552
13106,3.386
13107,1.711
13108,2.233
13109,2.496
13110,3.23
13111,3.437
13112,3.114
13113,4.062
13114,3.828
13115,2.397
13116,3.826
13117,2.696
13118,2.461
13119,3.243
13120,1.94
13121,2.605
13122,2.83
13123,3.489
13124,2.593
13125,3.271
13126,1.819
13127,3.448
13128,3.424
13129,2.959
13130,3.375
13131,3.192
13132,3.199
13133,2.717
13134,2.361
13135,2.658
13136,2.872
13137,2.881
13138,3.662
13139,3.553
13140,3.066
13141,3.996
13142,2.808
13143,3.407
13144,3.762
13145,3.252
13146,3.503
13147,2.369
13148,3.536
13149,3.432
13150,1.985
13151,3.185
13152,2.517
13153,2.685
13154,2.245
13155,3.213
13156,1.708
13157,3.28
13158,2.484
13159,3.212
13160,2.167
13161,3.534
13162,3.686
13163,2.907
13164,1.722
13165,2.157
13166,3.567
13167,2.452
13168,3.453
13169,3.364
13170,3.428
13171,3.78
13172,2.56
13173,1.746
13174,3.341
13175,3.191
13176,2.838
13177,2.718
13178,3.351
13179,3.113
13180,3.61
13181,3.065
13182,2.985
13183,3.361
13184,3.464
13185,3.218
13186,3.312
13187,3.356
13188,3.722
13189,2.566
13190,2.766
13191,3.069
13192,3.344
13193,3.002
13194,2.76
13195,1.842
13196,2.339
13197,3.353
13198,3.936
13199,3.288
13200,2.339
13201,3.381
13202,3.155
13203,2.793
13204,2.102
13205,1.717
13206,3.042
13207,2.182
13208,2.466
13209,3.471
13210,3.385
13211,3.426
13212,3.323
13213,2.93
13214,2.3
13215,3.578
13216,3.414
13217,1.757
13218,2.773
13219,3.626
13220,3.399
13221,3.5
13222,2.107
13223,2.832
13224,3.583
13225,3.5
13226,3.688
13227,3.439
13228,3.441
13229,3.17
13230,3.689
13231,3.552
13232,3.236
13233,3.336
13234,3.607
13235,3.181
13236,3.165
13237,3.456
13238,3.242
13239,3.806
13240,3.308
13241,2.701
13242,3.643
13243,3.436
13244,3.059
13245,3.362
13246,3.369
13247,1.844
13248,3.288
13249,1.675
13250,3.25
13251,3.304
13252,3.067
13253,2.52
13254,1.824
13255,2.81
13256,2.214
13257,2.315
13258,3.432
13259,2.19
13260,3.499
13261,3.508
13262,3.397
13263,2.057
13264,2.56
13265,3.548
13266,3.435
13267,3.163
13268,3.445
13269,2.088
13270,2.644
13271,3.229
13272,1.803
13273,3.053
13274,2.219
13275,2.952
13276,3.662
13277,3.666
13278,3.385
13279,3.274
13280,2.941
13281,3.557
13282,3.384
13283,2.797
13284,2.89
13285,3.418
13286,2.798
13287,3.555
13288,1.91
13289,3.477
13290,3.458
13291,3.003
13292,2.439
13293,3.406
13294,2.627
13295,2.477
13296,3.661
13297,1.744
13298,3.619
13299,1.849
13300,1.956
13301,2.904
13302,3.389
13303,3.547
13304,3.007
13305,2.794
13306,2.753
13307,3.294
13308,2.99
13309,3.294
13310,3.267
13311,4.398
13312,3.675
13313,2.527
13314,3.245
13315,1.829
13316,3.374
13317,3.36
13318,3.173
13319,2.581
13320,2.122
13321,2.275
13322,1.637
13323,2.378
13324,3.384
13325,2.065
13326,2.748
13327,3.465
13328,2.569
13329,3.64
13330,1.722
13331,3.693
13332,3.117
13333,3.52
13334,3.164
13335,3.21
13336,3.256
13337,1.752
13338,2.843
13339,1.702
13340,3.168
13341,2.442
13342,3.202
13343,1.864
13344,2.485
13345,2.138
13346,3.455
13347,3.507
13348,3.404
13349,2.856
13350,2.884
13351,3.451
13352,3.53
13353,3.196
13354,3.69
13355,3.189
13356,3.406
13357,1.834
13358,3.887
13359,2.801
13360,3.006
13361,2.366
13362,1.715
13363,3.142
13364,3.44
13365,3.486
13366,2.437
13367,3.291
13368,3.815
13369,2.879
13370,3.226
13371,3.631
13372,3.375
13373,3.371
13374,3.597
13375,3.878
13376,2.668
13377,3.057
13378,3.692
13379,3.093
13380,3.403
13381,3.021
13382,3.328
13383,3.141
13384,4.136
13385,2.051
13386,1.864
13387,3.498
13388,3.496
13389,2.556
13390,2.959
13391,3.388
13392,3.275
13393,3.609
13394,3.06
13395,3.295
13396,3.346
13397,1.96
13398,2.784
13399,3.128
13400,1.801
13401,3.327
13402,3.331
13403,3.507
13404,3.498
13405,1.849
13406,3.444
13407,2.186
13408,2.228
13409,3.417
13410,3.189
13411,1.718
13412,2.68
13413,3.787
13414,2.483
13415,3.106
13416,2.381
13417,2.569
13418,1.74
13419,3.411
13420,3.998
13421,3.719
13422,3.251
13423,3.253
13424,2.487
13425,1.715
13426,2.962
13427,3.295
13428,3.343
13429,3.17
13430,3.051
13431,2.5
13432,3.822
13433,2.505
13434,2.822
13435,3.73
13436,3.052
13437,2.186
13438,3.339
13439,1.745
13440,2.706
13441,3.459
13442,2.615
13443,3.47
13444,3.293
13445,2.69
13446,2.1
13447,3.335
13448,3.272
13449,3.665
13450,1.729
13451,2.324
13452,2.478
13453,3.509
13454,3.203
13455,3.226
13456,3.558
13457,2.668
13458,3.073
13459,3.533
13460,3.287
13461,3.303
13462,3.529
13463,3.788
13464,3.436
13465,2.21
13466,3.002
13467,3.208
13468,2.497
13469,2.134
13470,2.855
13471,2.808
13472,1.887
13473,2.852
13474,3.652
13475,3.585
13476,2.233
13477,3.142
13478,1.913
13479,3.584
13480,2.061
13481,3.261
13482,3.116
13483,3.423
13484,3.191
13485,3.264
13486,3.553
13487,2.927
13488,3.637
13489,2.452
13490,2.203
13491,2.579
13492,2.432
13493,1.798
13494,2.996
13495,2.581
13496,1.895
13497,2.734
13498,3.76
13499,3.412
13500,3.343
13501,3.569
13502,3.545
13503,3.283
13504,3.446
13505,3.455
13506,3.865
13507,3.13
13508,3.501
13509,4.009
13510,3.302
13511,3.677
13512,3.637
13513,2.186
13514,2.546
13515,1.791
13516,3.645
13517,4.283
13518,4.082
13519,3.098
13520,3.126
13521,3.396
13522,1.775
13523,2.242
13524,3.404
13525,3.379
13526,2.733
13527,3.263
13528,3.325
13529,3.641
13530,3.042
13531,3.421
13532,1.835
13533,2.799
13534,2.463
13535,3.496
13536,2.595
13537,3.327
13538,2.589
13539,3.632
13540,3.498
13541,3.409
13542,3.398
13543,3.592
13544,3.119
13545,3.606
13546,3.223
13547,2.973
13548,2.509
13549,4.115
13550,3.217
13551,3.53
13552,3.427
13553,2.952
13554,3.332
13555,3.138
13556,3.343
13557,3.763
13558,3.155
13559,3.15
13560,3.991
13561,3.557
13562,3.423
13563,3.385
13564,3.179
13565,2.474
13566,2.68
13567,3.034
13568,2.707
13569,3.472
13570,3.225
13571,2.559
13572,2.986
13573,2.773
13574,3.6
13575,3.56
13576,2.136
13577,3.276
13578,2.172
13579,3.168
13580,3.52
13581,1.804
13582,1.834
13583,3.223
13584,3.03
13585,3.448
13586,3.621
13587,1.836
13588,3.23
13589,3.13
13590,3.7
13591,3.3
13592,2.362
13593,3.109
13594,3.116
13595,3.57
13596,3.424
13597,3.234
13598,3.454
13599,3.48
13600,3.361
13601,3.521
13602,3.535
13603,1.783
13604,3.275
13605,3.497
13606,1.916
13607,3.501
13608,2.323
13609,3.297
13610,3.606
13611,2.332
13612,3.469
13613,3.852
13614,3.088
13615,3.093
13616,3.642
13617,3.057
13618,2.501
13619,3.148
13620,3.589
13621,2.481
13622,2.6
13623,2.51
13624,4.026
13625,1.946
13626,3.369
13627,3.439
13628,3.09
13629,2.758
13630,3.311
13631,3.755
13632,2.168
13633,3.667
13634,1.732
13635,2.274
13636,2.8
13637,3.321
13638,2.981
13639,3.564
13640,2.812
13641,2.787
13642,3.444
13643,3.14
13644,3.238
13645,3.674
13646,3.555
13647,3.339
13648,3.454
13649,2.521
13650,2.673
13651,3.456
13652,3.377
13653,3.375
13654,3.199
13655,2.769
13656,3.434
13657,3.27
13658,3.615
13659,2.544
13660,2.859
13661,3.393
13662,3.322
13663,3.93
13664,3.527
13665,2.467
13666,3.186
13667,2.268
13668,3.0
13669,3.45
13670,2.284
13671,2.983
13672,3.121
13673,2.964
13674,3.46
13675,3.454
13676,3.332
13677,3.611
13678,2.196
13679,3.367
13680,3.625
13681,3.242
13682,1.942
13683,2.864
13684,3.106
13685,2.354
13686,3.574
13687,3.227
13688,2.669
13689,2.824
13690,1.953
13691,3.353
13692,3.62
13693,3.198
13694,3.412
13695,2.933
13696,3.41
13697,2.679
13698,3.586
13699,2.035
13700,1.721
13701,2.399
13702,2.201
13703,4.229
13704,3.364
13705,2.643
13706,2.459
13707,2.56
13708,1.831
13709,2.268
13710,3.165
13711,3.051
13712,1.864
13713,3.278
13714,2.343
13715,3.547
13716,3.445
13717,3.626
13718,3.948
13719,3.09
13720,3.869
13721,3.399
13722,3.664
13723,2.995
13724,3.273
13725,3.764
13726,3.314
13727,3.324
13728,2.211
13729,3.267
13730,2.818
13731,2.468
13732,1.711
13733,2.611
13734,3.167
13735,3.311
13736,3.683
13737,2.66
13738,2.27
13739,3.427
13740,3.403
13741,3.07
13742,2.921
13743,3.234
13744,3.425
13745,3.431
13746,3.061
13747,2.637
13748,3.27
13749,3.187
13750,3.4
13751,3.793
13752,3.178
13753,3.678
13754,3.408
13755,3.405
13756,3.73
13757,2.627
13758,2.842
13759,2.582
13760,2.214
13761,3.758
13762,4.041
13763,2.767
13764,3.65
13765,3.075
13766,3.035
13767,2.074
13768,3.495
13769,3.279
13770,2.454
13771,2.445
13772,1.679
13773,1.968
13774,3.361
13775,2.357
13776,2.961
13777,3.056
13778,3.18
13779,2.106
13780,3.294
13781,3.665
13782,2.377
13783,2.483
13784,3.224
13785,3.405
13786,3.282
13787,3.527
13788,4.365
13789,3.368
13790,1.779
13791,2.555
13792,2.585
13793,2.488
13794,3.445
13795,3.503
13796,2.319
13797,3.562
13798,2.357
13799,1.735
13800,1.877
13801,3.365
13802,3.451
13803,3.3
13804,3.339
13805,2.801
13806,3.279
13807,3.227
13808,3.244
13809,3.465
13810,3.533
13811,3.519
13812,3.47
13813,3.804
13814,3.255
13815,1.767
13816,3.341
13817,2.493
13818,3.391
13819,2.554
13820,3.753
13821,2.651
13822,3.389
13823,3.07
13824,3.587
13825,3.377
13826,4.262
13827,3.348
13828,3.498
13829,2.969
13830,3.338
13831,3.77
13832,2.378
13833,3.569
13834,2.478
13835,3.504
13836,3.252
13837,3.406
13838,3.229
13839,1.894
13840,3.317
13841,2.829
13842,3.537
13843,2.568
13844,3.227
13845,2.018
13846,3.421
13847,3.219
13848,3.157
13849,3.257
13850,3.555
13851,2.406
13852,3.936
13853,3.86
13854,3.298
13855,2.407
13856,2.469
13857,3.344
13858,2.129
13859,1.687
13860,3.35
13861,2.358
13862,2.061
13863,1.563
13864,3.347
13865,3.637
13866,3.477
13867,3.047
13868,2.249
13869,3.346
13870,2.673
13871,3.138
13872,3.185
13873,3.586
13874,3.353
13875,3.306
13876,3.191
13877,3.54
13878,2.848
13879,3.634
13880,3.73
13881,1.745
13882,2.732
13883,2.153
13884,3.539
13885,2.923
13886,2.187
13887,3.396
13888,2.354
13889,3.102
13890,3.449
13891,3.504
13892,3.513
13893,3.546
13894,2.722
13895,2.577
13896,3.445
13897,3.41
13898,2.913
13899,2.691
13900,1.72
13901,3.207
13902,3.494
13903,3.448
13904,3.6
13905,2.218
13906,3.445
13907,2.881
13908,2.22
13909,2.05
13910,3.438
13911,3.372
13912,2.613
13913,3.565
13914,3.684
13915,3.687
13916,3.223
13917,2.315
13918,2.107
13919,2.72
13920,3.773
13921,3.316
13922,3.471
13923,2.532
13924,3.528
13925,3.342
13926,4.121
13927,3.569
13928,3.348
13929,2.979
13930,2.399
13931,2.468
13932,3.516
13933,3.567
13934,3.428
13935,3.278
13936,2.763
13937,2.867
13938,2.104
13939,2.86
13940,2.855
13941,2.012
13942,3.06
13943,2.975
13944,2.825
13945,2.398
13946,2.223
13947,3.281
13948,2.762
13949,1.863
13950,2.273
13951,3.696
13952,3.193
13953,3.236
13954,3.232
13955,2.051
13956,3.031
13957,1.913
13958,3.525
13959,2.992
13960,3.615
13961,3.191
13962,3.256
13963,2.541
13964,3.312
13965,3.142
13966,3.202
13967,3.537
13968,1.765
13969,3.278
13970,3.429
13971,3.503
13972,1.921
13973,2.991
13974,3.291
13975,3.476
13976,1.829
13977,3.44
13978,2.984
13979,3.297
13980,2.101
13981,3.345
13982,3.311
13983,2.305
13984,2.396
13985,3.223
13986,1.668
13987,2.131
13988,1.962
13989,3.368
13990,3.365
13991,3.476
13992,3.178
13993,3.505
13994,3.122
13995,3.488
13996,3.498
13997,1.955
13998,3.201
13999,2.566
14000,3.701
14001,2.592
14002,2.03
14003,3.514
14004,3.129
14005,2.781
14006,3.436
14007,2.471
14008,3.441
14009,3.459
14010,3.414
14011,3.411
14012,3.4
14013,3.56
14014,3.441
14015,2.893
14016,1.778
14017,2.679
14018,3.521
14019,1.845
14020,2.72
14021,3.236
14022,1.868
14023,2.952
14024,3.574
14025,3.202
14026,3.18
14027,2.326
14028,3.316
14029,3.146
14030,2.806
14031,4.017
14032,3.474
14033,3.632
14034,3.561
14035,2.695
14036,3.193
14037,2.625
14038,2.927
14039,2.743
14040,4.024
14041,3.333
14042,3.024
14043,2.048
14044,3.14
14045,1.99
14046,2.338
14047,2.596
14048,3.55
14049,3.285
14050,3.075
14051,3.308
14052,1.717
14053,2.763
14054,3.213
14055,2.546
14056,3.204
14057,3.41
14058,3.33
14059,2.781
14060,3.221
14061,3.517
14062,2.128
14063,3.191
14064,3.224
14065,3.48
14066,2.718
14067,3.463
14068,2.193
14069,3.292
14070,2.212
14071,1.94
14072,1.883
14073,1.862
14074,3.134
14075,3.563
14076,3.367
14077,3.449
14078,3.214
14079,3.081
14080,2.294
14081,3.421
14082,1.694
14083,3.654
14084,3.7
14085,3.435
14086,2.087
14087,3.529
14088,1.703
14089,3.425
14090,3.44
14091,2.358
14092,3.396
14093,2.579
14094,2.369
14095,3.316
14096,3.409
14097,1.907
14098,2.181
14099,3.509
14100,1.778
14101,3.982
14102,3.209
14103,3.051
14104,3.615
14105,2.24
14106,1.801
14107,3.202
14108,3.069
14109,3.026
14110,3.376
14111,2.248
14112,3.557
14113,3.356
14114,3.641
14115,1.889
14116,3.396
14117,3.12
14118,2.944
14119,1.892
14120,2.784
14121,3.523
14122,3.537
14123,1.705
14124,3.623
14125,3.561
14126,2.774
14127,2.925
14128,3.505
14129,3.045
14130,3.263
14131,3.343
14132,2.752
14133,2.943
14134,3.539
14135,2.747
14136,1.885
14137,3.503
14138,3.953
14139,3.152
14140,2.527
14141,3.592
14142,3.048
14143,3.66
14144,3.309
14145,1.957
14146,3.26
14147,3.666
14148,3.31
14149,3.712
14150,3.166
14151,2.602
14152,2.255
14153,4.31
14154,2.458
14155,1.635
14156,3.673
14157,3.409
14158,2.929
14159,2.726
14160,3.623
14161,3.182
14162,3.174
14163,3.516
14164,3.264
14165,2.982
14166,2.924
14167,3.877
14168,3.222
14169,2.392
14170,3.297
14171,3.435
14172,3.593
14173,3.288
14174,2.327
14175,2.204
14176,2.842
14177,2.131
14178,2.257
14179,2.824
14180,2.816
14181,3.017
14182,3.576
14183,3.171
14184,2.974
14185,2.607
14186,3.288
14187,3.466
14188,2.784
14189,2.266
14190,3.524
14191,2.49
14192,3.573
14193,3.279
14194,3.24
14195,1.859
14196,3.006
14197,3.637
14198,2.473
14199,3.59
14200,2.752
14201,3.642
14202,3.573
14203,2.937
14204,3.19
14205,3.418
14206,3.432
14207,3.024
14208,2.325
14209,2.531
14210,3.127
14211,4.02
14212,3.034
14213,3.903
14214,3.646
14215,3.393
14216,2.508
14217,2.019
14218,1.754
14219,3.422
14220,3.439
14221,3.523
14222,1.719
14223,3.231
14224,3.197
14225,3.229
14226,3.461
14227,3.146
14228,2.256
14229,3.496
14230,3.458
14231,3.371
14232,2.789
14233,3.21
14234,3.304
14235,3.493
14236,3.422
14237,3.09
14238,2.924
14239,3.57
14240,3.497
14241,3.406
14242,3.489
14243,3.245
14244,3.304
14245,2.527
14246,2.982
14247,3.07
14248,3.312
14249,3.46
14250,1.891
14251,3.3
14252,3.267
14253,2.311
14254,3.859
14255,2.597
14256,1.851
14257,3.546
14258,3.373
14259,3.437
14260,3.525
14261,4.663
14262,1.843
14263,2.677
14264,2.384
14265,3.643
14266,3.273
14267,3.272
14268,2.731
14269,2.88
14270,3.296
14271,2.935
14272,1.985
14273,2.486
14274,1.748
14275,3.527
14276,2.964
14277,1.975
14278,3.551
14279,3.538
14280,2.756
14281,3.411
14282,3.521
14283,1.756
14284,2.259
14285,3.63
14286,3.023
14287,2.595
14288,3.067
14289,3.139
14290,2.321
14291,2.402
14292,2.719
14293,2.714
14294,2.559
14295,3.331
14296,3.519
14297,2.77
14298,3.737
14299,2.299
14300,3.27
14301,3.412
14302,3.555
14303,1.75
14304,2.854
14305,2.933
14306,2.992
14307,3.458
14308,2.269
14309,2.13
14310,3.171
14311,2.683
14312,3.434
14313,3.307
14314,3.647
14315,3.449
14316,3.282
14317,3.439
14318,3.179
14319,2.476
14320,2.46
14321,1.918
14322,3.067
14323,3.534
14324,2.667
14325,1.873
14326,3.148
14327,1.821
14328,3.452
14329,2.991
14330,1.744
14331,3.555
14332,2.815
14333,2.955
14334,3.673
14335,3.276
14336,2.72
14337,3.092
14338,2.709
14339,1.832
14340,2.533
14341,3.915
14342,2.467
14343,2.951
14344,2.58
14345,3.651
14346,3.402
14347,3.334
14348,3.341
14349,3.631
14350,2.811
14351,1.702
14352,3.166
14353,3.281
14354,3.412
14355,3.322
14356,2.331
14357,2.335
14358,3.379
14359,3.482
14360,3.118
14361,3.244
14362,3.359
14363,3.441
14364,3.065
14365,3.035
14366,3.275
14367,3.041
14368,3.783
14369,4.129
14370,3.678
14371,3.619
14372,2.981
14373,3.267
14374,3.532
14375,3.316
14376,3.411
14377,2.398
14378,2.493
14379,3.274
14380,2.319
14381,3.494
14382,2.878
14383,3.39
14384,3.285
14385,1.982
14386,3.224
14387,3.02
14388,3.667
14389,2.752
14390,3.47
14391,3.686
14392,4.07
14393,2.897
14394,3.574
14395,2.899
14396,3.208
14397,3.86
14398,3.773
14399,1.887
14400,2.583
14401,4.119
14402,4.043
14403,3.341
14404,1.818
14405,3.457
14406,3.641
14407,3.482
14408,3.298
14409,3.599
14410,3.293
14411,3.619
14412,1.842
14413,3.263
14414,3.272
14415,3.186
14416,3.418
14417,3.878
14418,2.925
14419,2.365
14420,3.588
14421,3.442
14422,3.504
14423,3.363
14424,1.723
14425,2.064
14426,3.298
14427,1.742
14428,1.751
14429,2.297
14430,3.565
14431,2.14
14432,2.658
14433,3.148
14434,3.193
14435,2.971
14436,3.299
14437,2.409
14438,3.365
14439,3.614
14440,2.934
14441,3.052
14442,2.612
14443,3.647
14444,3.188
14445,1.909
14446,3.509
14447,3.328
14448,2.294
14449,3.578
14450,2.828
14451,3.48
14452,1.94
14453,3.692
14454,3.553
14455,1.872
14456,3.88
14457,3.382
14458,3.854
14459,3.631
14460,2.373
14461,3.234
14462,3.319
14463,2.094
14464,3.411
14465,3.03
14466,3.565
14467,3.246
14468,3.377
14469,3.467
14470,3.766
14471,3.066
14472,3.41
14473,3.415
14474,2.508
14475,3.48
14476,3.417
14477,3.599
14478,3.697
14479,2.727
14480,2.638
14481,3.268
14482,3.371
14483,3.188
14484,3.438
14485,3.458
14486,3.693
14487,1.983
14488,2.893
14489,2.361
14490,2.08
14491,2.0
14492,3.299
14493,3.517
14494,3.604
14495,2.359
14496,3.429
14497,1.943
14498,3.577
14499,3.337
14500,3.569
14501,2.825
14502,3.359
14503,3.028
14504,3.478
14505,3.023
14506,3.137
14507,3.829
14508,3.507
14509,3.999
14510,2.856
14511,3.429
14512,2.93
14513,1.764
14514,3.169
14515,3.337
14516,3.386
14517,1.829
14518,3.32
14519,2.511
14520,2.813
14521,2.39
14522,3.255
14523,2.112
14524,2.991
14525,3.3
14526,3.458
14527,2.516
14528,2.57
14529,3.724
14530,3.389
14531,3.098
14532,3.238
14533,2.556
14534,3.186
14535,1.882
14536,2.802
14537,3.549
14538,2.431
14539,3.211
14540,3.562
14541,3.565
14542,3.564
14543,3.525
14544,3.005
14545,2.354
14546,2.251
14547,2.47
14548,3.487
14549,3.338
14550,3.235
14551,2.609
14552,3.059
14553,3.048
14554,3.452
14555,3.504
14556,2.559
14557,2.301
14558,4.04
14559,2.527
14560,3.11
14561,2.813
14562,3.61
14563,3.514
14564,2.532
14565,4.286
14566,2.973
14567,3.418
14568,1.636
14569,3.342
14570,3.536
14571,3.617
14572,1.903
14573,2.62
14574,3.689
14575,2.36
14576,3.436
14577,3.309
14578,2.74
14579,3.404
14580,2.909
14581,3.121
14582,3.378
14583,2.621
14584,2.027
14585,3.418
14586,3.149
14587,3.359
14588,3.179
14589,2.886
14590,2.981
14591,3.442
14592,3.066
14593,3.0
14594,2.901
14595,2.697
14596,3.488
14597,3.245
14598,2.041
14599,3.206
14600,1.683
14601,2.187
14602,2.573
14603,2.588
14604,3.341
14605,3.276
14606,2.324
14607,2.442
14608,3.545
14609,3.289
14610,3.304
14611,2.509
14612,3.365
14613,2.353
14614,3.918
14615,3.43
14616,1.627
14617,2.196
14618,3.481
14619,3.417
14620,3.585
14621,2.541
14622,2.344
14623,3.186
14624,3.11
14625,3.754
14626,3.536
14627,2.369
14628,3.465
14629,2.969
14630,2.686
14631,2.898
14632,2.524
14633,3.361
14634,3.339
14635,3.089
14636,3.646
14637,2.206
14638,4.348
14639,3.456
14640,1.624
14641,3.404
14642,3.176
14643,3.449
14644,1.691
14645,3.046
14646,3.021
14647,3.393
14648,2.442
14649,1.741
14650,3.474
14651,2.766
14652,3.063
14653,3.292
14654,2.454
14655,3.452
14656,3.357
14657,3.524
14658,2.284
14659,3.554
14660,3.155
14661,2.471
14662,3.482
14663,3.245
14664,3.488
14665,3.311
14666,3.561
14667,3.69
14668,3.102
14669,2.967
14670,3.626
14671,3.996
14672,2.935
14673,3.554
14674,3.496
14675,3.678
14676,2.624
14677,1.751
14678,2.01
14679,3.443
14680,2.055
14681,2.585
14682,2.976
14683,3.257
14684,3.445
14685,2.7
14686,3.282
14687,1.744
14688,2.65
14689,1.695
14690,2.765
14691,2.473
14692,3.401
14693,3.584
14694,3.387
14695,3.126
14696,3.438
14697,3.424
14698,3.218
14699,1.752
14700,1.761
14701,3.371
14702,3.115
14703,3.112
14704,3.332
14705,1.84
14706,3.423
14707,3.394
14708,3.43
14709,3.09
14710,3.012
14711,3.305
14712,3.57
14713,2.491
14714,1.75
14715,2.135
14716,2.385
14717,3.092
14718,2.695
14719,3.228
14720,2.532
14721,2.86
14722,3.333
14723,2.523
14724,3.044
14725,2.076
14726,3.422
14727,2.63
14728,3.467
14729,4.059
14730,2.526
14731,4.172
14732,2.715
14733,3.434
14734,3.362
14735,3.974
14736,2.938
14737,3.356
14738,2.381
14739,3.412
14740,3.611
14741,1.751
14742,3.28
14743,3.317
14744,3.418
14745,1.744
14746,3.129
14747,3.351
14748,2.176
14749,3.065
14750,2.748
14751,1.975
14752,3.195
14753,3.398
14754,2.466
14755,3.395
14756,1.786
14757,3.217
14758,1.79
14759,3.482
14760,3.236
14761,2.416
14762,3.496
14763,3.191
14764,3.231
14765,3.377
14766,3.618
14767,3.424
14768,3.028
14769,3.529
14770,3.41
14771,3.76
14772,4.012
14773,2.918
14774,3.45
14775,3.09
14776,3.415
14777,2.056
14778,3.529
14779,3.264
14780,3.262
14781,3.466
14782,2.726
14783,3.078
14784,2.569
14785,3.438
14786,3.452
14787,3.108
14788,3.879
14789,3.085
14790,3.535
14791,3.922
14792,3.324
14793,3.495
14794,2.121
14795,2.307
14796,2.487
14797,2.572
14798,2.728
14799,3.337
14800,3.212
14801,1.653
14802,3.455
14803,3.104
14804,3.344
14805,3.091
14806,2.744
14807,3.476
14808,2.733
14809,3.571
14810,3.4
14811,2.213
14812,3.321
14813,3.548
14814,3.702
14815,3.696
14816,2.93
14817,3.513
14818,3.023
14819,3.546
14820,3.351
14821,2.925
14822,2.583
14823,2.661
14824,3.0
14825,2.605
14826,3.027
14827,3.373
14828,3.415
14829,3.204
14830,3.425
14831,3.059
14832,3.133
14833,3.189
14834,3.188
14835,1.981
14836,3.418
14837,3.084
14838,3.435
14839,3.51
14840,3.472
14841,3.66
14842,3.483
14843,3.519
14844,3.51
14845,1.745
14846,2.684
14847,3.57
14848,2.877
14849,1.751
14850,3.178
14851,3.336
14852,3.509
14853,3.092
14854,3.319
14855,3.261
14856,3.57
14857,3.442
14858,3.382
14859,3.529
14860,3.191
14861,2.079
14862,3.469
14863,3.639
14864,3.433
14865,1.768
14866,3.2
14867,2.47
14868,3.499
14869,1.789
14870,4.007
14871,2.238
14872,3.427
14873,2.837
14874,3.169
14875,3.463
14876,3.773
14877,3.471
14878,1.856
14879,3.543
14880,3.378
14881,3.584
14882,3.594
14883,3.398
14884,3.28
14885,3.356
14886,3.604
14887,3.026
14888,2.714
14889,3.194
14890,3.38
14891,3.207
14892,2.172
14893,3.353
14894,3.449
14895,3.147
14896,2.929
14897,2.881
14898,3.384
14899,3.165
14900,2.388
14901,2.671
14902,3.193
14903,3.027
14904,3.453
14905,2.944
14906,3.501
14907,2.774
14908,3.399
14909,3.578
14910,3.469
14911,3.226
14912,2.342
14913,2.986
14914,2.556
14915,3.125
14916,1.867
14917,3.378
14918,3.829
14919,3.325
14920,2.738
14921,2.485
14922,3.259
14923,3.376
14924,3.019
14925,3.411
14926,3.041
14927,2.218
14928,3.182
14929,3.311
14930,2.54
14931,1.686
14932,3.032
14933,3.429
14934,3.507
14935,3.427
14936,3.378
14937,3.42
14938,3.306
14939,2.285
14940,3.252
14941,2.628
14942,3.086
14943,3.858
14944,2.598
14945,2.53
14946,2.711
14947,2.505
14948,3.485
14949,2.745
14950,3.39
14951,1.732
14952,3.19
14953,3.475
14954,3.3
14955,3.859
14956,1.751
14957,3.408
14958,3.326
14959,3.65
14960,2.641
14961,3.955
14962,2.886
14963,2.506
14964,2.107
14965,2.756
14966,2.369
14967,3.588
14968,3.281
14969,3.115
14970,3.635
14971,3.457
14972,3.336
14973,1.689
14974,2.664
14975,2.563
14976,2.154
14977,2.451
14978,2.575
14979,3.924
14980,2.615
14981,2.648
14982,1.623
14983,3.635
14984,3.285
14985,3.499
14986,3.068
14987,3.657
14988,3.307
14989,3.14
14990,2.766
14991,3.234
14992,3.553
14993,3.565
14994,3.23
14995,3.3
14996,3.186
14997,2.326
14998,3.223
14999,3.873
15000,3.224
15001,3.457
15002,2.99
15003,3.556
15004,3.742
15005,2.567
15006,3.927
15007,3.062
15008,3.502
15009,3.452
15010,3.994
15011,3.352
15012,2.862
15013,2.866
15014,3.082
15015,2.236
15016,4.0
15017,3.568
15018,2.137
15019,3.333
15020,3.34
15021,4.383
15022,2.985
15023,1.706
15024,3.147
15025,2.924
15026,2.579
15027,3.96
15028,3.22
15029,3.653
15030,2.64
15031,3.255
15032,3.778
15033,3.142
15034,2.092
15035,3.097
15036,2.415
15037,3.185
15038,2.783
15039,2.475
15040,3.321
15041,3.066
15042,2.368
15043,2.973
15044,3.397
15045,3.569
15046,3.513
15047,3.544
15048,3.364
15049,3.241
15050,1.705
15051,2.467
15052,3.411
15053,2.777
15054,3.501
15055,2.928
15056,3.596
15057,2.18
15058,3.512
15059,3.323
15060,2.842
15061,3.339
15062,3.506
15063,3.341
15064,1.795
15065,1.886
15066,3.446
15067,2.65
15068,2.569
15069,3.299
15070,4.244
15071,3.546
15072,3.364
15073,2.873
15074,3.563
15075,3.368
15076,3.442
15077,3.317
15078,3.302
15079,3.539
15080,2.206
15081,3.22
15082,2.934
15083,1.751
15084,3.621
15085,2.86
15086,2.267
15087,3.283
15088,3.352
15089,3.295
15090,3.458
15091,3.647
15092,3.182
15093,3.321
15094,3.367
15095,3.282
15096,3.161
15097,2.593
15098,4.027
15099,3.445
15100,3.716
15101,3.523
15102,3.46
15103,3.556
15104,2.534
15105,3.326
15106,3.477
15107,2.612
15108,2.941
15109,3.455
15110,1.74
15111,3.101
15112,3.264
15113,3.283
15114,3.706
15115,2.926
15116,2.739
15117,2.683
15118,2.526
15119,3.345
15120,2.694
15121,3.619
15122,3.34
15123,2.655
15124,3.739
15125,3.164
15126,2.496
15127,3.832
15128,3.249
15129,3.188
15130,2.728
15131,2.971
15132,2.999
15133,3.642
15134,3.156
15135,2.869
15136,1.865
15137,3.353
15138,3.249
15139,3.399
15140,3.456
15141,3.565
15142,2.926
15143,3.578
15144,3.929
15145,3.279
15146,3.139
15147,2.976
15148,2.983
15149,2.836
15150,3.408
15151,3.073
15152,2.086
15153,3.48
15154,3.313
15155,1.92
15156,3.918
15157,2.493
15158,3.9
15159,3.508
15160,2.584
15161,3.39
15162,3.358
15163,3.445
15164,2.468
15165,3.478
15166,3.575
15167,4.02
15168,3.527
15169,3.368
15170,3.078
15171,3.103
15172,3.565
15173,3.217
15174,3.07
15175,3.624
15176,1.801
15177,2.597
15178,3.457
15179,3.438
15180,3.11
15181,3.47
15182,3.165
15183,3.494
15184,2.405
15185,3.456
15186,3.34
15187,1.805
15188,2.913
15189,3.59
15190,3.291
15191,3.207
15192,3.535
15193,3.402
15194,3.25
15195,3.456
15196,3.428
15197,2.167
15198,3.646
15199,2.914
15200,2.799
15201,1.699
15202,2.791
15203,3.405
15204,2.592
15205,3.08
15206,2.451
15207,2.339
15208,1.756
15209,3.058
15210,3.436
15211,3.091
15212,1.933
15213,2.958
15214,3.141
15215,3.213
15216,3.317
15217,3.033
15218,3.324
15219,3.478
15220,1.816
15221,3.424
15222,3.688
15223,3.339
15224,2.597
15225,3.289
15226,2.868
15227,4.03
15228,3.622
15229,2.709
15230,3.071
15231,2.474
15232,3.778
15233,4.384
15234,3.219
15235,3.895
15236,3.561
15237,2.84
15238,2.771
15239,2.081
15240,2.617
15241,3.3
15242,3.283
15243,2.062
15244,2.6
15245,2.949
15246,3.093
15247,3.427
15248,3.51
15249,3.0
15250,3.454
15251,2.474
15252,3.402
15253,3.857
15254,3.607
15255,3.792
15256,3.461
15257,1.722
15258,3.562
15259,1.87
15260,3.345
15261,3.06
15262,3.329
15263,2.487
15264,3.766
15265,3.505
15266,2.001
15267,3.155
15268,3.26
15269,3.431
15270,3.338
15271,3.267
15272,2.954
15273,2.6
15274,2.995
15275,3.403
15276,3.253
15277,2.615
15278,3.189
15279,3.52
15280,2.366
15281,3.486
15282,3.449
15283,1.728
15284,2.729
15285,1.725
15286,3.295
15287,1.984
15288,3.459
15289,3.054
15290,2.959
15291,3.227
15292,2.564
15293,3.21
15294,3.378
15295,3.821
15296,3.07
15297,3.369
15298,3.45
15299,2.135
15300,2.115
15301,3.298
15302,4.046
15303,3.619
15304,3.441
15305,3.273
15306,3.332
15307,2.914
15308,3.433
15309,3.465
15310,2.964
15311,2.727
15312,3.332
15313,1.948
15314,3.527
15315,3.5
15316,3.434
15317,3.283
15318,3.352
15319,3.189
15320,3.121
15321,3.196
15322,3.649
15323,3.503
15324,2.763
15325,3.157
15326,2.125
15327,3.359
15328,4.112
15329,3.502
15330,4.402
15331,3.013
15332,2.54
15333,3.27
15334,3.117
15335,2.243
15336,3.172
15337,3.2
15338,3.246
15339,3.564
15340,3.102
15341,2.562
15342,2.737
15343,2.889
15344,2.425
15345,3.367
15346,2.872
15347,3.879
15348,2.652
15349,2.148
15350,3.402
15351,3.316
15352,3.312
15353,3.34
15354,2.087
15355,3.414
15356,2.528
15357,2.226
15358,3.237
15359,3.299
15360,3.262
15361,3.128
15362,3.133
15363,3.448
15364,3.34
15365,2.922
15366,2.937
15367,2.412
15368,3.532
15369,3.34
15370,3.192
15371,3.461
15372,3.813
15373,2.425
15374,3.486
15375,1.978
15376,3.279
15377,3.649
15378,2.216
15379,3.435
15380,3.26
15381,1.729
15382,2.488
15383,3.53
15384,3.996
15385,3.476
15386,3.685
15387,2.169
15388,3.553
15389,3.467
15390,2.585
15391,2.299
15392,3.737
15393,3.424
15394,3.387
15395,2.269
15396,3.749
15397,2.417
15398,2.772
15399,2.837
15400,3.11
15401,3.438
15402,3.381
15403,3.788
15404,3.594
15405,3.336
15406,3.656
15407,2.879
15408,2.057
15409,3.993
15410,3.327
15411,2.306
15412,3.291
15413,2.521
15414,2.122
15415,3.379
15416,2.514
15417,1.862
15418,3.636
15419,3.35
15420,3.362
15421,2.384
15422,2.753
15423,1.719
15424,3.253
15425,1.745
15426,3.078
15427,3.619
15428,3.437
15429,2.475
15430,3.521
15431,2.843
15432,2.614
15433,3.437
15434,3.496
15435,2.871
15436,1.847
15437,2.545
15438,3.07
15439,3.027
15440,2.137
15441,3.278
15442,3.843
15443,3.28
15444,1.908
15445,3.467
15446,4.055
15447,3.297
15448,3.409
15449,1.921
15450,2.331
15451,3.044
15452,3.323
15453,3.484
15454,3.498
15455,2.229
15456,3.356
15457,2.274
15458,3.36
15459,3.357
15460,4.198
15461,2.927
15462,3.641
15463,3.415
15464,2.963
15465,2.882
15466,2.861
15467,3.331
15468,3.097
15469,3.218
15470,3.452
15471,2.142
15472,3.543
15473,3.057
15474,2.819
15475,3.382
15476,2.977
15477,3.299
15478,2.0
15479,3.336
15480,2.688
15481,3.097
15482,3.462
15483,3.336
15484,3.461
15485,2.25
15486,2.719
15487,2.352
15488,3.425
15489,3.63
15490,2.785
15491,3.43
15492,3.54
15493,3.244
15494,3.482
15495,3.273
15496,3.086
15497,1.744
15498,3.392
15499,3.376
15500,3.165
15501,3.456
15502,2.715
15503,3.655
15504,3.669
15505,2.779
15506,3.496
15507,2.325
15508,3.386
15509,3.328
15510,2.778
15511,2.603
15512,3.104
15513,3.822
15514,3.45
15515,3.715
15516,3.408
15517,3.794
15518,3.233
15519,3.338
15520,3.329
15521,3.623
15522,3.231
15523,3.347
15524,3.417
15525,2.522
15526,3.406
15527,3.357
15528,3.446
15529,1.752
15530,2.619
15531,3.299
15532,2.56
15533,3.183
15534,2.545
15535,3.65
15536,3.374
15537,3.369
15538,2.717
15539,3.544
15540,3.117
15541,3.172
15542,3.376
15543,2.116
15544,1.874
15545,3.444
15546,3.637
15547,2.64
15548,3.579
15549,2.767
15550,3.369
15551,2.37
15552,3.389
15553,3.533
15554,3.338
15555,3.233
15556,2.666
15557,2.951
15558,3.155
15559,3.492
15560,3.27
15561,2.963
15562,3.227
15563,3.483
15564,2.962
15565,2.988
15566,3.132
15567,3.494
15568,3.747
15569,3.774
15570,3.148
15571,3.055
15572,1.825
15573,2.296
15574,3.451
15575,3.35
15576,3.293
15577,2.597
15578,3.053
15579,3.316
15580,3.603
15581,3.548
15582,3.675
15583,3.789
15584,2.387
15585,3.727
15586,3.027
15587,3.334
15588,3.461
15589,2.413
15590,2.292
15591,3.19
15592,3.534
15593,3.198
15594,3.233
15595,1.927
15596,2.861
15597,3.278
15598,3.318
15599,2.859
15600,3.307
15601,4.58
15602,2.731
15603,2.528
15604,2.391
15605,3.503
15606,3.454
15607,2.55
15608,3.627
15609,3.339
15610,3.364
15611,3.389
15612,3.602
15613,3.399
15614,2.839
15615,1.76
15616,2.991
15617,3.567
15618,3.645
15619,3.987
15620,3.28
15621,2.127
15622,2.696
15623,2.461
15624,3.5
15625,2.978
15626,3.345
15627,1.965
15628,3.401
15629,3.335
15630,3.565
15631,2.897
15632,2.259
15633,2.588
15634,3.252
15635,2.991
15636,2.747
15637,2.552
15638,2.956
15639,2.987
15640,3.802
15641,2.818
15642,3.53
15643,3.552
15644,3.634
15645,3.12
15646,3.633
15647,3.193
15648,2.882
15649,3.226
15650,2.999
15651,2.802
15652,3.253
15653,3.249
15654,2.228
15655,1.791
15656,3.621
15657,2.783
15658,2.641
15659,3.342
15660,3.537
15661,3.304
15662,2.586
15663,3.036
15664,3.871
15665,2.406
15666,2.802
15667,3.563
15668,3.275
15669,2.649
15670,1.935
15671,3.199
15672,2.384
15673,3.542
15674,1.838
15675,3.105
15676,3.305
15677,2.414
15678,3.371
15679,3.759
15680,4.78
15681,2.536
15682,3.483
15683,3.694
15684,2.729
15685,3.175
15686,3.436
15687,2.061
15688,1.863
15689,3.326
15690,3.391
15691,4.027
15692,3.564
15693,1.634
15694,2.419
15695,3.208
15696,3.47
15697,3.544
15698,3.288
15699,2.554
15700,3.196
15701,2.405
15702,2.776
15703,3.517
15704,3.147
15705,3.526
15706,3.572
15707,3.442
15708,3.288
15709,2.845
15710,2.414
15711,3.51
15712,2.985
15713,3.289
15714,2.808
15715,3.113
15716,3.423
15717,2.538
15718,3.44
15719,3.462
15720,3.499
15721,3.508
15722,2.494
15723,3.321
15724,2.179
15725,2.928
15726,3.504
15727,2.124
15728,3.417
15729,3.117
15730,3.486
15731,3.368
15732,2.819
15733,3.27
15734,2.166
15735,3.614
15736,3.448
15737,2.794
15738,3.25
15739,3.068
15740,3.271
15741,2.755
15742,3.364
15743,2.806
15744,3.317
15745,2.862
15746,2.435
15747,3.61
15748,4.222
15749,3.154
15750,3.064
15751,3.34
15752,2.969
15753,2.62
15754,4.135
15755,4.175
15756,3.93
15757,1.894
15758,3.422
15759,2.593
15760,3.352
15761,3.214
15762,2.145
15763,2.183
15764,3.597
15765,3.424
15766,2.562
15767,3.547
15768,3.497
15769,3.114
15770,3.845
15771,2.295
15772,3.311
15773,2.805
15774,2.202
15775,2.149
15776,2.626
15777,2.436
15778,1.854
15779,2.843
15780,3.602
15781,3.437
15782,3.297
15783,3.241
15784,2.359
15785,3.808
15786,3.429
15787,4.064
15788,2.285
15789,2.557
15790,2.069
15791,3.211
15792,3.329
15793,4.055
15794,1.59
15795,2.922
15796,2.655
15797,3.452
15798,3.698
15799,2.676
15800,2.45
15801,3.621
15802,3.499
15803,3.481
15804,2.102
15805,3.426
15806,2.559
15807,3.354
15808,3.44
15809,3.342
15810,3.239
15811,3.429
15812,1.94
15813,3.442
15814,3.082
15815,2.369
15816,2.013
15817,2.945
15818,3.939
15819,3.285
15820,2.542
15821,2.297
15822,2.775
15823,1.895
15824,2.797
15825,2.687
15826,3.366
15827,3.462
15828,2.853
15829,2.441
15830,2.721
15831,3.374
15832,3.062
15833,3.096
15834,2.511
15835,4.021
15836,3.634
15837,3.63
15838,3.359
15839,3.505
15840,4.079
15841,3.011
15842,2.046
15843,3.535
15844,3.295
15845,2.103
15846,3.334
15847,2.617
15848,2.133
15849,3.28
15850,3.684
15851,3.779
15852,3.295
15853,3.206
15854,2.391
15855,3.484
15856,2.92
15857,2.246
15858,3.274
15859,3.249
15860,3.282
15861,2.96
15862,3.066
15863,2.613
15864,3.593
15865,3.095
15866,3.679
15867,2.948
15868,3.098
15869,2.794
15870,3.398
15871,1.597
15872,3.642
15873,3.295
15874,1.846
15875,3.987
15876,3.185
15877,2.912
15878,3.071
15879,1.771
15880,2.461
15881,2.329
15882,3.082
15883,3.034
15884,3.475
15885,3.302
15886,3.308
15887,3.069
15888,3.67
15889,3.412
15890,2.992
15891,3.078
15892,2.992
15893,2.314
15894,3.606
15895,2.154
15896,3.488
15897,3.587
15898,3.32
15899,2.621
15900,3.829
15901,3.299
15902,3.402
15903,3.498
15904,1.911
15905,3.829
15906,4.152
15907,3.787
15908,3.532
15909,3.582
15910,2.79
15911,3.975
15912,2.584
15913,3.277
15914,1.819
15915,2.602
15916,3.811
15917,1.794
15918,2.631
15919,2.601
15920,3.411
15921,2.894
15922,3.057
15923,3.398
15924,2.53
15925,2.964
15926,1.744
15927,2.687
15928,2.656
15929,2.556
15930,3.522
15931,3.381
15932,2.915
15933,3.768
15934,1.753
15935,3.175
15936,1.725
15937,3.457
15938,3.599
15939,3.306
15940,2.347
15941,2.073
15942,2.951
15943,3.313
15944,3.493
15945,3.111
15946,3.822
15947,3.463
15948,3.442
15949,3.387
15950,2.469
15951,2.419
15952,3.179
15953,3.526
15954,3.76
15955,1.855
15956,3.4
15957,3.293
15958,3.409
15959,2.813
15960,3.646
15961,2.241
15962,3.337
15963,3.317
15964,3.643
15965,3.229
15966,2.126
15967,3.162
15968,3.134
15969,3.335
15970,3.056
15971,3.298
15972,3.928
15973,2.153
15974,3.391
15975,3.521
15976,3.928
15977,3.505
15978,3.015
15979,3.471
15980,2.83
15981,3.061
15982,3.141
15983,2.842
15984,3.297
15985,4.066
15986,1.779
15987,2.736
15988,2.467
15989,3.412
15990,3.264
15991,3.701
15992,3.237
15993,3.27
15994,4.046
15995,3.328
15996,2.865
15997,3.305
15998,3.523
15999,2.657
16000,3.509
16001,2.914
16002,3.687
16003,3.238
16004,2.634
16005,3.222
16006,2.484
16007,2.673
16008,3.66
16009,3.442
16010,1.854
16011,3.226
16012,1.924
16013,2.968
16014,3.374
16015,3.093
16016,2.625
16017,3.281
16018,4.055
16019,1.93
16020,3.873
16021,3.235
16022,2.808
16023,3.336
16024,3.903
16025,1.686
16026,2.981
16027,3.117
16028,3.698
16029,2.334
16030,1.991
16031,2.987
16032,2.893
16033,1.93
16034,3.254
16035,3.522
16036,3.373
16037,3.211
16038,3.446
16039,3.386
16040,3.314
16041,2.81
16042,3.365
16043,3.923
16044,3.248
16045,3.193
16046,3.246
16047,3.123
16048,1.924
16049,3.293
16050,1.843
16051,3.359
16052,2.058
16053,3.173
16054,2.739
16055,1.844
16056,3.17
16057,3.374
16058,3.215
16059,1.741
16060,2.631
16061,3.857
16062,1.596
16063,1.898
16064,3.617
16065,3.218
16066,3.396
16067,3.512
16068,2.745
16069,1.915
16070,3.642
16071,3.263
16072,3.086
16073,2.414
16074,1.959
16075,2.705
16076,3.461
16077,3.225
16078,2.859
16079,3.643
16080,3.387
16081,2.601
16082,3.473
16083,2.274
16084,1.91
16085,2.584
16086,3.573
16087,2.428
16088,2.197
16089,2.606
16090,3.482
16091,3.056
16092,2.698
16093,3.752
16094,1.93
16095,3.63
16096,3.516
16097,2.852
16098,3.221
16099,2.026
16100,1.927
16101,2.853
16102,1.789
16103,2.975
16104,3.448
16105,3.209
16106,3.294
16107,3.529
16108,3.477
16109,3.435
16110,3.931
16111,3.021
16112,3.134
16113,3.618
16114,2.536
16115,2.706
16116,3.652
16117,3.452
16118,2.607
16119,4.044
16120,3.442
16121,3.87
16122,3.5
16123,3.26
16124,3.327
16125,3.455
16126,1.864
16127,2.378
16128,3.273
16129,3.314
16130,3.082
16131,3.413
16132,3.195
16133,3.6
16134,2.997
16135,3.252
16136,3.4
16137,2.286
16138,3.538
16139,3.181
16140,3.409
16141,1.651
16142,3.62
16143,3.305
16144,1.986
16145,3.431
16146,3.588
16147,3.423
16148,2.917
16149,2.145
16150,3.769
16151,2.594
16152,3.469
16153,1.701
16154,1.735
16155,2.765
16156,2.959
16157,3.314
16158,3.496
16159,3.511
16160,3.445
16161,3.83
16162,3.424
16163,3.103
16164,2.172
16165,3.397
16166,3.061
16167,3.399
16168,3.156
16169,2.107
16170,3.643
16171,2.503
16172,3.474
16173,3.466
16174,3.515
16175,3.202
16176,2.531
16177,3.37
16178,1.812
16179,1.831
16180,3.696
16181,3.931
16182,3.459
16183,3.472
16184,3.475
16185,3.656
16186,2.699
16187,3.373
16188,2.366
16189,3.299
16190,3.434
16191,3.015
16192,3.346
16193,3.475
16194,3.295
16195,4.072
16196,2.866
16197,3.237
16198,3.196
16199,2.438
16200,3.469
16201,3.395
16202,3.46
16203,3.932
16204,1.889
16205,2.221
16206,2.86
16207,2.811
16208,3.126
16209,3.128
16210,1.567
16211,3.431
16212,3.618
16213,2.679
16214,3.459
16215,3.157
16216,3.296
16217,3.599
16218,2.978
16219,3.304
16220,3.515
16221,3.506
16222,1.792
16223,3.292
16224,3.463
16225,3.49
16226,3.59
16227,2.846
16228,3.161
16229,3.32
16230,2.618
16231,1.881
16232,3.314
16233,3.425
16234,3.189
16235,3.783
16236,1.984
16237,3.501
16238,3.207
16239,3.628
16240,3.311
16241,2.794
16242,3.031
16243,3.391
16244,3.206
16245,2.456
16246,3.523
16247,2.664
16248,2.85
16249,3.546
16250,2.061
16251,1.929
16252,2.516
16253,4.419
16254,2.352
16255,3.122
16256,2.228
16257,2.464
16258,2.779
16259,3.577
16260,3.521
16261,3.58
16262,3.065
16263,1.891
16264,3.028
16265,3.452
16266,2.13
16267,4.836
16268,2.371
16269,2.536
16270,2.617
16271,2.801
16272,3.941
16273,3.192
16274,3.275
16275,4.287
16276,3.257
16277,3.069
16278,3.971
16279,2.206
16280,1.742
16281,3.413
16282,3.024
16283,4.031
16284,1.823
16285,3.473
16286,3.274
16287,1.744
16288,3.34
16289,4.495
16290,1.869
16291,3.227
16292,3.863
16293,4.108
16294,3.817
16295,3.585
16296,3.561
16297,2.168
16298,4.051
16299,3.451
16300,2.597
16301,2.702
16302,3.448
16303,3.48
16304,1.695
16305,1.834
16306,2.611
16307,1.721
16308,2.81
16309,2.565
16310,2.535
16311,3.314
16312,3.194
16313,2.812
16314,1.712
16315,2.771
16316,2.509
16317,3.324
16318,3.558
16319,2.658
16320,3.177
16321,3.451
16322,3.972
16323,3.455
16324,3.19
16325,3.542
16326,1.831
16327,1.985
16328,3.101
16329,3.576
16330,3.447
16331,3.437
16332,3.222
16333,2.543
16334,2.976
16335,2.69
16336,3.558
16337,3.778
16338,2.724
16339,2.807
16340,3.186
16341,3.631
16342,3.089
16343,3.005
16344,3.503
16345,3.657
16346,3.376
16347,3.071
16348,1.913
16349,2.19
16350,2.021
16351,3.589
16352,3.197
16353,3.478
16354,3.135
16355,2.404
16356,3.334
16357,1.703
16358,2.906
16359,3.441
16360,2.959
16361,2.975
16362,3.478
16363,3.496
16364,3.388
16365,3.732
16366,2.513
16367,2.675
16368,3.59
16369,1.707
16370,3.482
16371,2.869
16372,3.17
16373,1.678
16374,3.436
16375,3.429
16376,3.283
16377,3.172
16378,3.404
16379,3.616
16380,2.438
16381,3.575
16382,3.314
16383,2.613
16384,2.587
16385,3.537
16386,2.861
16387,3.416
16388,3.337
16389,1.921
16390,3.289
16391,2.496
16392,3.13
16393,3.33
16394,2.233
16395,2.265
16396,3.085
16397,3.109
16398,3.111
16399,3.519
16400,3.326
16401,3.385
16402,3.018
16403,3.407
16404,2.095
16405,3.446
16406,2.148
16407,3.379
16408,3.385
16409,2.954
16410,3.068
16411,3.283
16412,2.723
16413,2.681
16414,3.056
16415,3.41
16416,3.579
16417,3.443
16418,3.363
16419,2.687
16420,3.943
16421,3.087
16422,3.208
16423,3.35
16424,3.587
16425,1.832
16426,2.88
16427,3.279
16428,2.701
16429,2.549
16430,3.276
16431,2.486
16432,3.405
16433,4.097
16434,3.374
16435,1.736
16436,1.78
16437,3.41
16438,3.406
16439,3.398
16440,3.355
16441,1.691
16442,4.317
16443,2.006
16444,3.143
16445,3.341
16446,2.694
16447,3.489
16448,3.353
16449,2.477
16450,2.2
16451,1.892
16452,3.42
16453,2.184
16454,3.51
16455,2.374
16456,2.546
16457,2.766
16458,3.483
16459,2.134
16460,3.505
16461,3.088
16462,1.934
16463,3.119
16464,3.524
16465,3.037
16466,3.538
16467,3.641
16468,2.988
16469,1.825
16470,1.81
16471,3.431
16472,3.393
16473,3.268
16474,2.177
16475,2.51
16476,3.202
16477,3.64
16478,3.135
16479,3.616
16480,1.716
16481,3.369
16482,3.397
16483,3.832
16484,3.35
16485,3.339
16486,3.95
16487,3.298
16488,3.743
16489,3.144
16490,1.751
16491,3.378
16492,3.618
16493,3.21
16494,3.847
16495,2.494
16496,1.853
16497,3.103
16498,2.711
16499,3.207
16500,2.425
16501,3.489
16502,3.266
16503,2.874
16504,2.51
16505,3.388
16506,3.287
16507,3.11
16508,3.427
16509,3.242
16510,3.92
16511,2.665
16512,3.319
16513,1.836
16514,3.042
16515,1.89
16516,2.226
16517,2.932
16518,3.77
16519,3.226
16520,2.98
16521,2.257
16522,3.268
16523,3.386
16524,3.132
16525,3.274
16526,3.55
16527,3.332
16528,1.629
16529,3.343
16530,2.495
16531,2.663
16532,1.944
16533,3.457
16534,3.929
16535,2.362
16536,3.191
16537,3.551
16538,3.516
16539,3.515
16540,3.617
16541,3.294
16542,2.756
16543,1.747
16544,3.399
16545,2.417
16546,3.238
16547,3.587
16548,3.273
16549,3.883
16550,3.481
16551,1.881
16552,3.512
16553,3.483
16554,3.426
16555,2.491
16556,2.542
16557,1.762
16558,3.778
16559,1.738
16560,3.125
16561,2.153
16562,2.569
16563,2.719
16564,3.295
16565,3.488
16566,3.186
16567,3.348
16568,2.337
16569,2.705
16570,3.323
16571,3.028
16572,2.373
16573,3.412
16574,2.493
16575,3.547
16576,3.949
16577,3.447
16578,2.505
16579,2.169
16580,2.361
16581,3.63
16582,3.093
16583,2.674
16584,2.519
16585,3.53
16586,3.289
16587,3.43
16588,3.435
16589,2.976
16590,3.424
16591,2.381
16592,3.355
16593,3.38
16594,3.244
16595,2.565
16596,2.968
16597,1.75
16598,3.083
16599,3.544
16600,1.919
16601,2.73
16602,3.631
16603,3.933
16604,3.563
16605,3.677
16606,3.067
16607,3.052
16608,4.15
16609,2.574
16610,3.289
16611,3.32
16612,2.462
16613,3.528
16614,2.47
16615,1.745
16616,3.877
16617,3.127
16618,3.203
16619,1.941
16620,1.822
16621,3.665
16622,3.271
16623,3.337
16624,3.355
16625,2.793
16626,2.94
16627,3.211
16628,2.433
16629,3.664
16630,3.191
16631,2.518
16632,2.565
16633,1.751
16634,3.145
16635,3.56
16636,3.589
16637,3.47
16638,3.322
16639,3.515
16640,4.104
16641,2.898
16642,3.134
16643,3.36
16644,3.349
16645,3.184
16646,4.114
16647,3.165
16648,2.913
16649,1.745
16650,3.331
16651,3.646
16652,1.86
16653,3.303
16654,3.605
16655,2.999
16656,1.903
16657,2.114
16658,3.459
16659,3.544
16660,3.63
16661,3.32
16662,3.04
16663,2.751
16664,2.319
16665,2.871
16666,2.722
16667,3.654
16668,3.339
16669,3.674
16670,2.903
16671,2.229
16672,1.855
16673,2.303
16674,1.847
16675,2.674
16676,3.151
16677,3.408
16678,2.912
16679,2.972
16680,3.417
16681,3.527
16682,3.069
16683,2.139
16684,2.921
16685,2.647
16686,4.479
16687,3.549
16688,3.475
16689,3.54
16690,3.539
16691,2.771
16692,2.69
16693,3.194
16694,3.79
16695,3.507
16696,2.524
16697,2.893
16698,3.724
16699,3.279
16700,3.07
16701,3.606
16702,3.471
16703,3.392
16704,3.518
16705,2.029
16706,3.234
16707,3.329
16708,3.16
16709,1.821
16710,3.491
16711,3.586
16712,3.206
16713,3.928
16714,3.562
16715,2.126
16716,2.176
16717,2.393
16718,3.716
16719,3.558
16720,3.678
16721,3.307
16722,3.56
16723,3.426
16724,3.313
16725,2.403
16726,3.541
16727,3.202
16728,3.39
16729,3.09
16730,3.179
16731,2.768
16732,3.455
16733,3.504
16734,2.609
16735,3.385
16736,3.335
16737,2.581
16738,2.79
16739,3.655
16740,2.677
16741,2.82
16742,3.654
16743,3.505
16744,3.62
16745,3.882
16746,2.413
16747,1.959
16748,3.454
16749,3.495
16750,3.328
16751,2.999
16752,3.379
16753,3.668
16754,3.721
16755,3.43
16756,3.596
16757,4.109
16758,1.87
16759,2.788
16760,1.889
16761,2.637
16762,3.43
16763,3.014
16764,3.31
16765,2.303
16766,3.032
16767,3.3
16768,1.799
16769,3.05
16770,2.569
16771,2.031
16772,2.956
16773,3.34
16774,3.429
16775,3.353
16776,3.004
16777,3.313
16778,2.642
16779,3.252
16780,3.334
16781,3.098
16782,1.787
16783,3.551
16784,3.061
16785,3.464
16786,3.024
16787,3.555
16788,3.685
16789,3.04
16790,1.807
16791,3.413
16792,2.835
16793,2.505
16794,3.279
16795,3.584
16796,2.539
16797,2.761
16798,3.092
16799,3.01
16800,3.229
16801,3.252
16802,2.787
16803,2.833
16804,2.078
16805,3.12
16806,3.449
16807,2.25
16808,3.042
16809,3.197
16810,3.275
16811,2.518
16812,3.56
16813,3.344
16814,2.504
16815,2.445
16816,3.771
16817,3.19
16818,3.553
16819,3.141
16820,3.216
16821,2.552
16822,3.662
16823,2.53
16824,3.413
16825,3.564
16826,3.061
16827,2.922
16828,2.966
16829,2.318
16830,3.114
16831,2.779
16832,2.096
16833,3.477
16834,2.373
16835,2.438
16836,3.336
16837,1.728
16838,2.929
16839,2.867
16840,2.531
16841,3.34
16842,3.301
16843,3.439
16844,3.175
16845,3.404
16846,3.719
16847,3.015
16848,3.423
16849,3.34
16850,3.585
16851,2.82
16852,3.271
16853,1.676
16854,2.283
16855,1.875
16856,3.281
16857,3.626
16858,3.488
16859,1.772
16860,2.386
16861,2.471
16862,3.293
16863,2.972
16864,3.194
16865,3.011
16866,1.693
16867,2.472
16868,3.377
16869,3.628
16870,3.383
16871,2.141
16872,3.007
16873,3.216
16874,3.75
16875,3.248
16876,3.588
16877,2.546
16878,2.941
16879,3.438
16880,3.462
16881,3.858
16882,3.351
16883,3.299
16884,2.234
16885,3.575
16886,3.104
16887,3.37
16888,4.216
16889,3.32
16890,3.173
16891,3.457
16892,3.237
16893,3.051
16894,2.502
16895,2.572
16896,3.46
16897,3.447
16898,2.611
16899,3.035
16900,3.278
16901,3.059
16902,3.222
16903,2.377
16904,2.216
16905,2.444
16906,3.676
16907,3.298
16908,2.772
16909,3.297
16910,2.466
16911,1.792
16912,2.999
16913,2.416
16914,3.31
16915,3.457
16916,3.38
16917,3.467
16918,3.598
16919,2.472
16920,3.448
16921,2.438
16922,3.354
16923,4.358
16924,3.658
16925,3.479
16926,2.197
16927,3.361
16928,2.635
16929,3.329
16930,2.833
16931,3.2
16932,3.864
16933,3.94
16934,2.991
16935,3.459
16936,2.422
16937,4.222
16938,3.191
16939,3.5
16940,3.389
16941,3.584
16942,3.091
16943,2.513
16944,3.189
16945,3.462
16946,3.348
16947,3.217
16948,3.399
16949,2.952
16950,3.085
16951,3.274
16952,1.994
16953,4.225
16954,3.005
16955,3.301
16956,3.924
16957,2.578
16958,2.64
16959,2.865
16960,3.854
16961,2.95
16962,3.252
16963,3.202
16964,1.739
16965,3.324
16966,3.585
16967,3.839
16968,2.656
16969,3.556
16970,3.414
16971,2.941
16972,3.677
16973,3.399
16974,3.027
16975,2.492
16976,2.002
16977,3.042
16978,1.941
16979,3.159
16980,3.528
16981,1.886
16982,3.364
16983,3.892
16984,2.185
16985,3.265
16986,3.307
16987,3.213
16988,2.561
16989,2.048
16990,3.569
16991,1.701
16992,2.933
16993,3.359
16994,3.195
16995,3.348
16996,3.167
16997,2.207
16998,3.387
16999,4.023
17000,2.788
17001,2.611
17002,3.446
17003,2.611
17004,3.347
17005,3.183
17006,2.684
17007,2.259
17008,1.756
17009,3.257
17010,3.46
17011,2.897
17012,2.332
17013,2.381
17014,3.306
17015,3.413
17016,3.931
17017,2.288
17018,2.032
17019,2.719
17020,3.295
17021,3.625
17022,3.358
17023,2.996
17024,4.923
17025,3.623
17026,2.822
17027,1.907
17028,1.745
17029,3.74
17030,2.535
17031,2.595
17032,3.182
17033,3.168
17034,1.687
17035,3.489
17036,3.06
17037,2.5
17038,3.821
17039,2.283
17040,2.202
17041,3.329
17042,3.34
17043,3.549
17044,1.853
17045,1.944
17046,3.443
17047,3.224
17048,2.017
17049,3.254
17050,3.612
17051,3.502
17052,3.644
17053,2.399
17054,3.59
17055,3.575
17056,3.58
17057,3.51
17058,2.325
17059,2.031
17060,3.498
17061,3.051
17062,3.238
17063,3.776
17064,4.8
17065,1.623
17066,1.704
17067,3.393
17068,2.724
17069,2.177
17070,3.38
17071,3.109
17072,3.399
17073,3.489
17074,3.193
17075,3.953
17076,3.318
17077,2.117
17078,3.388
17079,3.495
17080,2.759
17081,3.406
17082,2.985
17083,2.437
17084,2.648
17085,3.166
17086,2.232
17087,3.173
17088,2.66
17089,2.413
17090,3.552
17091,3.319
17092,3.135
17093,3.016
17094,3.566
17095,4.435
17096,3.696
17097,3.35
17098,3.237
17099,2.608
17100,1.745
17101,1.884
17102,3.257
17103,3.127
17104,1.95
17105,2.691
17106,3.02
17107,3.31
17108,3.299
17109,3.938
17110,3.272
17111,2.055
17112,2.97
17113,3.333
17114,3.156
17115,2.791
17116,3.691
17117,2.636
17118,3.664
17119,2.464
17120,3.21
17121,2.79
17122,2.562
17123,3.627
17124,3.429
17125,3.632
17126,3.257
17127,2.211
17128,3.579
17129,3.931
17130,2.512
17131,3.953
17132,3.36
17133,3.624
17134,3.59
17135,3.163
17136,2.049
17137,3.788
17138,3.026
17139,2.05
17140,2.98
17141,3.194
17142,2.681
17143,3.506
17144,3.091
17145,2.996
17146,3.817
17147,3.225
17148,3.405
17149,2.922
17150,3.356
17151,2.977
17152,3.379
17153,1.781
17154,1.643
17155,3.339
17156,3.174
17157,3.018
17158,2.893
17159,2.466
17160,4.033
17161,1.742
17162,3.522
17163,3.265
17164,2.172
17165,3.316
17166,2.747
17167,3.335
17168,3.812
17169,3.686
17170,3.024
17171,3.485
17172,3.212
17173,2.634
17174,1.978
17175,3.419
17176,2.067
17177,3.816
17178,3.227
17179,4.808
17180,2.084
17181,3.393
17182,2.766
17183,2.618
17184,3.214
17185,3.674
17186,3.575
17187,3.224
17188,3.046
17189,3.112
17190,3.093
17191,2.488
17192,3.43
17193,3.455
17194,3.851
17195,3.116
17196,1.735
17197,3.913
17198,1.936
17199,3.683
17200,3.412
17201,2.646
17202,3.548
17203,1.78
17204,3.397
17205,3.344
17206,3.224
17207,3.691
17208,3.358
17209,1.753
17210,2.87
17211,1.845
17212,3.216
17213,2.799
17214,2.897
17215,3.48
17216,3.595
17217,3.057
17218,2.564
17219,3.419
17220,3.231
17221,2.183
17222,2.74
17223,1.877
17224,2.468
17225,1.954
17226,3.311
17227,2.453
17228,3.537
17229,2.129
17230,2.599
17231,3.514
17232,3.448
17233,2.579
17234,2.594
17235,1.7
17236,2.44
17237,2.935
17238,2.988
17239,1.903
17240,3.535
17241,3.279
17242,3.736
17243,4.011
17244,2.066
17245,3.314
17246,3.983
17247,3.011
17248,3.395
17249,1.68
17250,2.542
17251,2.892
17252,3.14
17253,2.395
17254,3.598
17255,3.123
17256,3.467
17257,3.397
17258,2.361
17259,3.877
17260,2.553
17261,3.327
17262,3.477
17263,3.527
17264,3.406
17265,3.454
17266,3.151
17267,3.535
17268,3.297
17269,3.335
17270,2.308
17271,2.954
17272,2.59
17273,2.955
17274,3.879
17275,2.327
17276,3.514
17277,3.249
17278,3.061
17279,2.144
17280,2.375
17281,3.514
17282,3.068
17283,3.044
17284,1.773
17285,3.364
17286,3.425
17287,2.89
17288,2.684
17289,3.664
17290,1.725
17291,3.803
17292,3.43
17293,3.444
17294,2.173
17295,3.082
17296,2.646
17297,3.249
17298,2.428
17299,2.137
17300,3.534
17301,3.365
17302,3.943
17303,3.747
17304,2.716
17305,3.542
17306,3.474
17307,2.729
17308,3.417
17309,4.054
17310,3.38
17311,2.678
17312,3.549
17313,3.88
17314,3.419
17315,2.603
17316,3.198
17317,1.707
17318,3.5
17319,3.424
17320,2.171
17321,3.562
17322,2.115
17323,3.394
17324,3.507
17325,3.515
17326,2.942
17327,3.32
17328,3.384
17329,3.491
17330,1.957
17331,3.56
17332,3.259
17333,3.869
17334,3.601
17335,1.95
17336,3.261
17337,3.423
17338,3.313
17339,4.001
17340,1.74
17341,3.855
17342,2.564
17343,3.819
17344,2.654
17345,1.745
